sha256,filename,old_malicious,new_malicious,delta,change,old_total_engines,new_total_engines,old_analysis_time,new_analysis_time
00133805d692da064e8e47b1d06298998764c5284606bbcd79ef753ca68cac41,2018-05-08-Ransomware. Xorist.exe,56,63,7,增加,74,75,2026-09-18T08:53:00Z,2026-09-27T04:04:17Z
00f001e3eda573c2994a749b83e920d7067893bdb9a5fe836b22bd05d4d611ff,Radiation.Hell Ransomware.exe,60,56,-4,减少,76,75,2025-07-07T13:52:42Z,2026-09-27T04:12:34Z
027cc450ef5f8c5f653329641ec1fed91f694e0d229928963b30f6b0d7d3a745,Ransom.Petya.dll,61,64,3,增加,75,75,2026-09-22T11:13:05Z,2026-09-27T04:22:26Z
02d089c6241452061206ecf8d93c6a53b0546ba869f058f135fc0449858262b4,Ransom(Blue Eagle).exe,55,51,-4,减少,76,75,2025-03-09T20:52:23Z,2026-09-27T04:14:11Z
043969e70014662e6a8b90eaaec10f4b4064dc42c0aeba39639af82f11cbab7e,Ransom_CRYPTEAR.SM0.exe,63,64,1,增加,77,75,2025-03-31T03:20:18Z,2026-09-27T04:25:22Z
066d06ca007d19457ca609dd95975f7facb551ffb5d8f6d4edf108236ad8c981,Ransom_EGLUELOCKER.C.exe,55,56,1,增加,76,75,2025-08-01T22:02:21Z,2026-09-27T04:25:39Z
08bd44c06513a5b490595560dc5eefff70f2ececfe72c6b9817310238038ef6c,TrumpLocker .exe,60,59,-1,减少,76,75,2025-03-08T17:04:47Z,2026-09-27T04:30:11Z
0a52c5de20a7baa231579ceb7b430ecff1b046b58bd156dcc1fee22c89f65324,Ransom.Jaff.exe,64,64,0,不变,76,75,2025-03-08T17:04:44Z,2026-09-27T04:19:48Z
0cdc0c2600a59ad3298637140bb41df2260d45a4a8e73dd039ecc76224fafaa3,Ransom.MBRLock.exe,57,58,1,增加,76,75,2025-03-08T17:04:44Z,2026-09-27T04:21:39Z
149febedc64a1241f4b75d6877563f7a447bc5df03ccb6cc90af92d884ac3367,GandCrab 勒索.exe,65,65,0,不变,76,75,2025-03-08T17:04:40Z,2026-09-27T04:08:18Z
165f6a9f94265fff5602882ae53fd92a1ab3c353a301630db946561fbf40f9b1,Tilde Ransomware.exe,59,57,-2,减少,76,75,2025-08-30T05:10:11Z,2026-09-27T04:29:22Z
17764113ccabe07f68f9150eb4038790b6363ff65c590d037f00d821416c9045,crowti2.exe,64,63,-1,减少,76,75,2025-09-29T05:13:37Z,2026-09-27T04:16:18Z
189bdd9d225537cdd803931a50eb308f6a952259fb74768879aa44df7648e222,卢本伟病毒.exe,63,62,-1,减少,75,75,2026-05-22T11:35:19Z,2026-09-27T04:32:23Z
1d2968648d8e72ff017ebad79e1b16eb8d09fb8257e5a5235e0ad63e6bee0c4a,Reyptson. Ransomware.exe,61,64,3,增加,77,75,2025-03-17T11:29:15Z,2026-09-27T04:27:47Z
1e7e00b3901642200a1d5e8f0d0fd5e1b4942dad5d9677746e40cca9d4e0e429,hvnc_y.exe,58,54,-4,减少,76,75,2025-03-08T17:04:43Z,2026-09-27T04:18:58Z
1f193cb76e7dcf14ba045e3ff06285bd03ba5154d9b5d6c3aa2ab6c8794c5bf6,Ransom.p.exe,61,61,0,不变,75,75,2025-05-15T06:03:10Z,2026-09-27T04:22:10Z
22a113249ef7422cb28311421365358fbaccbaa41b5fcc59466490f8299790ec,Ransom.EW.gen.exe,62,60,-2,减少,76,75,2025-03-08T17:04:42Z,2026-09-27T04:17:22Z
2373d67f4a4af9b751db88547079e9527ce475adce2801d271d6d6a4bc697175,MATRIX.EXE,47,55,8,增加,75,75,2026-08-20T21:12:58Z,2026-09-27T04:09:39Z
26b4699a7b9eeb16e76305d843d4ab05e94d43f3201436927e13b3ebafa90739,Petya 勒索.exe,65,66,1,增加,75,75,2026-09-26T13:31:03Z,2026-09-27T04:10:58Z
2afbe08e0fc1046cbed33952169875aafb6a757ee407e8efa728cd854b12c9f8,Dharma.Ransom .exe,61,61,0,不变,76,75,2025-03-08T17:04:39Z,2026-09-27T04:07:00Z
2cc1d8edc318e0e09aad6afbc48999980f8e39e54734bca4c1a95c7b5db39569,Ransomware #.wlu.exe,60,62,2,增加,74,75,2021-11-10T00:07:14Z,2026-09-27T04:26:27Z
2f07a538a2edea2e14c9e402e57b24912e0ae794fe9df81c660791a4be8ba0a4,CryptoWire Ransomware .exe,57,57,0,不变,76,75,2025-03-08T17:04:39Z,2026-09-27T04:06:26Z
2f0eb53715a315c4412a2d3be770fa9b7b7de6500dbde55f9e3eef1fe485cefc,Ransom.Gomme.exe,56,53,-3,减少,76,75,2025-03-08T17:04:43Z,2026-09-27T04:18:26Z
3049a568c1c1cd4d225f8f333bf05e4560c8f9de5f167201253fedf35142fe3e,Ransom.SyncCrypt.wsf,44,43,-1,减少,76,75,2025-07-01T07:43:17Z,2026-09-27T04:23:14Z
320e4f9900102a0aef57e7489daee6ef04ba83b77d7172272905848c817e50e5,Ransom 勒索.exe,55,54,-1,减少,76,75,2025-03-08T17:04:42Z,2026-09-27T04:13:54Z
33f773691b2fb314eb6ff0a908ff03288216552f1235993770811a4b722b7b07,Ransomware.Eleta.exe,63,62,-1,减少,76,75,2025-03-09T21:30:59Z,2026-09-27T04:26:42Z
341267f4794a49e566c9697c77e974a99e41445cf41d8387040049ee1b8b2f3b,Ransom.JaffCrypt .exe,61,57,-4,减少,76,75,2025-03-08T17:04:43Z,2026-09-27T04:20:02Z
34395acf2bb2544b8a633f70dd37aca91ea70ec00a332ed3539bba57f27e623b,恢复图标.exe,51,60,9,增加,73,75,2023-03-28T01:05:48Z,2026-09-27T04:33:23Z
3a21506bfc046c1b6a5559af4ce3667c53b2c163c95116210406c1c6a3a3b7d0,MBR硬盘锁.exe,60,60,0,不变,76,75,2025-03-08T17:04:40Z,2026-09-27T04:09:54Z
3a73050112d413d01556177aac66d82ca3395165ca49adbad3cdb0eb50a54bed,国产MBR逻辑锁.exe,58,59,1,增加,76,75,2025-03-08T16:12:26Z,2026-09-27T04:32:37Z
3bba4636606843da8e3591682b4433bdc94085a1939bbdc35f10bbfd97ac3d3d,BadEncript.Ransom .exe,51,48,-3,减少,76,75,2025-03-10T03:02:42Z,2026-09-27T04:04:50Z
3d7b66d631053afdd9cf2bc0dfc376e7bc9beac4b240c3e63799a5a8549c83af,q2oic2i0b 数字签名勒索.exe,62,61,-1,减少,76,75,2025-03-08T17:04:41Z,2026-09-27T04:11:30Z
3fe5fd24a80adbd214bec77de3ff64b09e2ab9db9fe4b043ec2fc1b568a461f8,FlashPlayer_2017_0007555.exe,58,61,3,增加,76,75,2025-03-08T17:04:38Z,2026-09-27T04:32:06Z
40fee2a4be91d9d46cc133328ed41a3bdf9099be5084efbc95c8d0535ecee496,熊猫烧香GameSetup.exe,65,65,0,不变,75,75,2026-08-12T23:00:55Z,2026-09-27T04:33:54Z
41c53e90f0861b068eaa512edff28a586128f808b437122399347bcb3774914a,Ransom_Wadhrama.R023C0DG417.exe,61,58,-3,减少,77,75,2025-04-03T05:09:31Z,2026-09-27T04:26:10Z
421ad1769b1e09dc7e51b0bdc24d427da27ac96b6e3400934f4c40fa3fac4eda,Ransom.Crypt0l0cker.exe,54,53,-1,减少,75,75,2021-04-02T23:24:55Z,2026-09-27T04:16:35Z
4496c8d327a465f36cc169fe9cd09ba3a1de1591333b8e20d3c136896ca8445c,强制改电脑密码.exe,43,42,-1,减少,75,75,2026-05-25T03:24:26Z,2026-09-27T04:32:51Z
461e092b6070c13e51b91471d449dd9f5eaef44a42de0188880cd5f9f5abd6e5,Ransom.Cerber .exe,61,58,-3,减少,76,75,2025-03-08T17:04:42Z,2026-09-27T04:14:58Z
48f653fbed997b6d60fc1a735d97a8818d756d0f884b2e5d0453d973b920aab3,RuntimeBroker 勒索.exe,0,0,0,不变,75,75,2026-09-06T04:54:35Z,2026-09-27T04:28:02Z
4c7e7416cb191d6f75605841456a17b29362286ed0497bf2f76338c5a07cf048,Ransom 17.06.08.exe,60,61,1,增加,76,75,2025-03-08T17:04:41Z,2026-09-27T04:13:22Z
4d74e2fc678d4c15494cc72e8f14c685d8d1a61457d784f41de5c600fdc4d780,FileLocker .exe,60,60,0,不变,76,75,2025-03-08T17:04:39Z,2026-09-27T04:07:14Z
52a1e5eb51dd84422ef284482ad47f97cc6dbe426a7a622d62f59df3ba62c1d7,restoLocker 勒索.exe,56,55,-1,减少,76,75,2025-03-08T17:04:46Z,2026-09-27T04:27:32Z
541130a9bc817f66fb96ade8b247e42ef6fee68aef19020a722a472bcb8a5fbe,Ransom.GlobeImposter 勒索.exe,61,61,0,不变,76,75,2025-03-08T17:04:43Z,2026-09-27T04:18:10Z
5606e9dc4ab113749953687adac6ddb7b19c864f6431bdcf0c5b0e2a98cca39e,Ransom.Locky.exe,66,67,1,增加,76,75,2025-03-08T17:04:44Z,2026-09-27T04:21:22Z
5655d1d3b4b2324d38e2536974c4be2f40a8a8b8bf0791bc707397b81f4bb630,Sage.Ransom .exe,53,56,3,增加,76,75,2025-03-08T16:12:27Z,2026-09-27T04:28:34Z
57d3f6b3bebac1922ddfc9805b2fc1f5e779b2a3ce53a65022d3a29a135b686b,死亡答题.exe,60,61,1,增加,75,75,2026-09-01T21:44:25Z,2026-09-27T04:33:07Z
5abb9ab63a97aeeb7cd451f51ef0f53ac4d4cf68dd204635539d4306605b1706,Ransom_CRYPTEAR.SM.exe,59,61,2,增加,76,75,2025-03-08T17:04:45Z,2026-09-27T04:25:06Z
5e16067461b8ce060a44fb8f4d1cd3f249b224107775e9c28c1ec270804cfd06,333.exe,51,52,1,增加,76,75,2025-09-29T05:13:41Z,2026-09-27T04:18:42Z
5e2cd213ff47b7657abd9167c38ffd8b53c13261fe22adddea92b5a2d9e320ad,Geometry dash auto speedhack.bat,43,44,1,增加,75,75,2026-09-12T06:32:26Z,2026-09-27T04:10:09Z
5ec4dd16274fd570b781db67d494d9a5cb9d7468c39ed09b46abb87c6f30ea29,QQ Helper.exe,65,62,-3,减少,76,75,2025-03-08T17:04:41Z,2026-09-27T04:11:47Z
6515c9c3606a0cb495b3b40f4efeeea03626398dc5f3456a2befd2e14d0feb5a,update.exe,57,59,2,增加,76,75,2025-03-08T17:04:43Z,2026-09-27T04:19:14Z
6811146b1e060408b776f1c9d3ab1571cecb5568b9d735b1bd99a2dfa2f6bf05,Ransom.unlckr.wsf,24,29,5,增加,71,75,2019-09-20T09:51:44Z,2026-09-27T04:23:47Z
688709ac00191db3b29d9b1eb6e02fd84b37789b35b2197fdb6d334a55d57c48,Ransom.DoNotChange.exe,54,50,-4,减少,77,75,2025-03-26T10:46:14Z,2026-09-27T04:17:07Z
693dbdfb689bbaa610d7feefffa1115cabe7d2d474c91f56a34a593220907c96,2.exe,63,64,1,增加,76,75,2025-03-08T17:04:42Z,2026-09-27T04:15:48Z
6a407e26b35ce7d16be748f5f3839334c9dc6ec5520960f6832b4cf3a61d0e94,ASN1.Ransomware .exe,62,61,-1,减少,76,75,2025-03-08T17:04:43Z,2026-09-27T04:04:34Z
6a7c00c06b2ae102ce41468f43f6b08c951c23b5a6af17ef0525092e86191767,SAGE 2.2 Ransomware.exe,61,59,-2,减少,77,75,2025-03-15T21:06:46Z,2026-09-27T04:28:19Z
6b1fa67e22b8a552f48984e3c203746af32fdab428c9502f35998d5293ca37d6,Ransom (17.06.04).exe,61,60,-1,减少,76,75,2025-03-08T17:04:41Z,2026-09-27T04:12:51Z
6b2af14a321c31a74020d2f5cd002138a1bcd4979a7c839b24906eebe2f4542f,Trojan  MSIL-Upadter.A 木马.exe,55,56,1,增加,76,75,2025-03-08T17:04:47Z,2026-09-27T04:29:39Z
6e5d10ba388a5200d45a2059add694d56d1f1cd50f82087a06eb68d808b0e357,6e5d10ba388a5200d45a2059add694d56d1f1cd50f82087a06eb68d808b0e357.exe,63,63,0,不变,76,75,2025-12-15T18:54:54Z,2026-09-27T04:20:36Z
729f2bfaa8aec92495e180dd3f97cfd1af43f85dc6f357090a8522f3f9ac1785,Ransom.Y.exe,61,62,1,增加,76,75,2025-03-08T17:04:46Z,2026-09-27T04:24:18Z
72ebc223bef1bf4cabad9c7eb6e520f0d93554f2807d4c8875be24dc3ab129a4,FRS 勒索.exe,60,62,2,增加,76,75,2025-12-12T01:30:36Z,2026-09-27T04:07:30Z
735abbb3b5a1e7eeb625696c92c08ca4cfda110c1f6627524ade4f368a311bc0,Cryakl 勒索.exe,60,62,2,增加,76,75,2025-03-08T17:04:38Z,2026-09-27T04:05:38Z
74908cfd124bd1ee981f7b6e825bb5f6825265c80ecdef2c2cf68c4e305ad4c4,Ransomware. Nemucod .js,39,40,1,增加,76,75,2025-12-13T08:20:25Z,2026-09-27T04:26:58Z
76d82ec0e56018601cce4e151c1fff37556881f5e3dd7aa36c5003e1303a440f,Cerber Ransom.exe,64,63,-1,减少,76,75,2025-03-08T16:12:26Z,2026-09-27T04:05:06Z
7b3075b1a8cc0163d1e12000338adf3ed8a69977c4d4cacfc2e20e97049d727a,0ABCF2F2.exe,59,60,1,增加,75,75,2026-09-01T16:36:15Z,2026-09-27T04:24:34Z
7f081859ae2b9b59f014669233473921f1cac755f6c6bbd5dcdd3fafbe710000,7f081859ae2b9b59f014669233473921f1cac755f6c6bbd5dcdd3fafbe710000.exe,64,66,2,增加,75,75,2026-09-06T07:00:49Z,2026-09-27T04:20:51Z
846416b8b5d3c83e0191e62b7a123e9188b7e04095a559c6a1b2c22812d0f25e,9D5FCE6B.exe,63,63,0,不变,75,75,2026-09-01T15:53:12Z,2026-09-27T04:24:51Z
86edac2f05c4f9d67b30ee019a6aa6aa1abccbe5d4034a89fccaea844dec825e,滑稽病毒.exe,32,57,25,增加,73,75,2026-06-17T05:43:25Z,2026-09-27T04:33:46Z
89284ff8858d739741dfc8007f02548489786ed3d1dace339ad7157b6921a0f5,Ransom.FrozrLock.exe,59,59,0,不变,75,75,2025-05-15T06:00:43Z,2026-09-27T04:17:55Z
8aac6b8f97a4e34081ff4a4f7e2dfee163c703dd262a829a6f1e24dbc55df32a,Ransom 17.8.07.exe,60,60,0,不变,76,75,2025-03-08T17:04:41Z,2026-09-27T04:13:38Z
8ff979f23f8bab94ce767d4760811bde66c556c0c56b72bb839d4d277b3703ad,Ransom.Locky.exe,63,62,-1,减少,76,75,2025-03-08T17:04:44Z,2026-09-27T04:21:07Z
90da9d5e03a068e282e0c38bd268182ec1554c224b29f0a45f380a97cba045f0,1.exe,62,63,1,增加,76,75,2023-11-15T18:23:51Z,2026-09-27T04:15:30Z
91b62961636993e37335a6119203528f2e4fa5ccc9085bf437ca0a2d8c008339,wzryjb 勒索.exe,59,58,-1,减少,76,75,2026-02-09T05:09:25Z,2026-09-27T04:31:15Z
944ccd8b16ab6bce62d82aaa0a71bad675efc8f9fd339656014b4eaba4985d16,Ransom.Cerber.exe,63,65,2,增加,75,75,2026-08-21T12:53:23Z,2026-09-27T04:15:14Z
9523a7d4318d1f3c4d270657c71599a34d29f047b07e6c67c591e94cf2d9fbb2,Ransom.Philadelphia .exe,56,60,4,增加,75,75,2026-08-20T13:56:09Z,2026-09-27T04:22:43Z
95f3cfc5b4360cb385c068dbe56270e0eaa3695d1fc59b5f70a6f656488adf78,Cypher 勒索.exe,60,58,-2,减少,76,75,2025-03-08T17:04:39Z,2026-09-27T04:06:43Z
966a0852c8adbea0b7b7aada7c2c851ee642c7bca7da3b29ee143f47ddeb90a5,GandCrab v2 勒索.exe,66,65,-1,减少,75,75,2026-09-24T07:55:00Z,2026-09-27T04:08:02Z
9bc95fd61185a383ce2ed20b7fc50202ec0ad69803a064e207497e4eca0cfdd6,锁机.EXE,65,64,-1,减少,76,75,2025-03-08T17:04:38Z,2026-09-27T04:34:12Z
9d7ffcdc6f4cb49a80c4e103ef97cf73cba16a912fb60d0478d805b248d152ff,2018-04-14-GandCrab-ransomware勒索.exe,64,63,-1,减少,77,75,2025-03-26T03:23:57Z,2026-09-27T04:04:02Z
9dca7148cc53763285ace997426340f29cf29a4b6d9400f2d51b0442fbbe9475,Ransom_HPCERBER.SMONT2.exe,64,65,1,增加,76,75,2025-03-08T17:04:46Z,2026-09-27T04:25:55Z
a0fa26c2f79fd4e0f3f25b3fcb7aa02bb0194b34f13aa8d721b114432a00b05a,SilentSpring 勒索.exe,55,49,-6,减少,75,75,2025-05-15T06:15:39Z,2026-09-27T04:29:07Z
a3d5715a81f2fbeb5f76c88c9c21eeee87142909716472f911ff6950c790c24d,geometry dash auto speedhack.exe,66,66,0,不变,75,75,2026-09-21T19:36:49Z,2026-09-27T04:10:25Z
a468b9a6ce1c25a7e003e3f84a78b1ad69c9762a9d324ffdd9c16d0a33ded024,Ransom.BitKangoroo.exe,53,52,-1,减少,72,75,2026-05-01T05:38:57Z,2026-09-27T04:14:27Z
a8d49920d6213217afa284aed97232b3e6a8f7691b67d4981db77e41db6fa924,qq盗号木马.exe,56,58,2,增加,76,75,2023-11-29T01:17:48Z,2026-09-27T04:12:06Z
aa017d5de297b368ccee323e0dea31d4b16b86fe8ccaa108dc2101debc6ad8d7,CryptoMix.Ransom.exe,61,62,1,增加,76,75,2025-03-08T17:04:38Z,2026-09-27T04:05:55Z
b07ab2cb7f25de04661344ad09b0a0bdd0f9aab2fb55219ef3587da798ed5797,Vortex.Ransomware.exe,58,58,0,不变,76,75,2025-03-08T17:04:38Z,2026-09-27T04:30:42Z
b3118e00a52685441d2dfb815cc9d1e06b70ac5cc54e2334456898138af8ebe0,Ransom.FenixLocker.exe,61,59,-2,减少,76,75,2025-07-07T08:57:39Z,2026-09-27T04:17:39Z
b595ef8416ba39120d584222fdaf7570126890122680c909aa89f599b3fa816a,Trojan.MSIL.Bladabindi .exe,54,56,2,增加,76,75,2025-03-08T17:04:46Z,2026-09-27T04:29:55Z
bec32e9ae122fe9249b2a26bf76b4d9f305157832dc27888efc5afe3ec592062,Ransom.Serpent .exe,57,55,-2,减少,76,75,2025-03-08T17:04:45Z,2026-09-27T04:22:59Z
c11ace835d21ddbd327ad1aff7dae5968983d1177d4a75ed3975acb15442c21f,Italian Ransom #Pec2017.rtf,41,44,3,增加,76,75,2022-09-27T03:38:42Z,2026-09-27T04:09:06Z
c485927e940431f19c88637135754ecddcb69ac4dd5cb08cfb62ef56ed76b2c0,Ransom.Cerber 2.exe,62,56,-6,减少,76,75,2023-11-15T17:17:56Z,2026-09-27T04:14:42Z
c6480b9d2df5dc54a2d40165fb98d664afb26c0fc833d8bc534ca4b8d25817d6,crowti.exe,60,61,1,增加,76,75,2025-09-29T05:13:37Z,2026-09-27T04:16:02Z
c75f418d21df3bffaa3c8d96d7c1bdd18c484bab95e217d950b15c24b65c72fe,XiaoBa 2018-4-29测试版勒索.exe,55,50,-5,减少,77,75,2025-03-13T19:33:23Z,2026-09-27T04:31:31Z
ca6624ec06c043bf9624260a7b6f437cf7c29d5909306ebd7972f113e4834ec3,Ransom.Mole .exe,61,61,0,不变,76,75,2025-03-08T17:04:45Z,2026-09-27T04:21:54Z
cdc3211e1859e7508f215af8fbb51f1d4b9311dc34c843e2a95d30d634a647a5,QQ钓鱼.exe,47,47,0,不变,76,75,2023-11-09T03:25:54Z,2026-09-27T04:12:20Z
cded0b96a4e9790ffdcfe059b1c8659858ab75a82557e4e734071b2bebd35ac2,CF透视飞天外挂 勒索.exe,54,57,3,增加,75,75,2026-08-20T21:00:58Z,2026-09-27T04:05:23Z
ce9c9917b66815ec7e5009f8bfa19ef3d2dfc0cf66be0b4b99b9bebb244d6706,GandCrab Ransomware 勒索.exe,62,69,7,增加,75,75,2026-09-01T16:22:17Z,2026-09-27T04:07:47Z
d261aaddc36b42cd3ab3b78021998f5c988c47a9174cbeafe8bcb3b052767d80,ScammerLocker 勒索.exe,58,57,-1,减少,76,75,2025-03-08T17:04:46Z,2026-09-27T04:28:50Z
d58b8501bef38d0b40da9845a13c2877bd81bf74194e79f4faa9076d5ed3521a,Ransom.Troldesh 勒索.exe,47,52,5,增加,74,75,2019-12-31T22:54:26Z,2026-09-27T04:23:31Z
d88d1a897e21afc0c55f7ffac142ef394757a6fa835abff14d21b8e2dbe1ce26,JobCrypter.Ransom .exe,57,56,-1,减少,75,75,2025-12-17T21:34:16Z,2026-09-27T04:09:22Z
da50d4921f0567b981848d8049d2d7540528f39ed85c04a3dd5c7446344a1eb1,Unlock92.Ransomware .exe,57,56,-1,减少,76,75,2025-03-08T17:04:47Z,2026-09-27T04:30:26Z
dc7ab2e7ed26554a11da51a184e95b01e685b1a2f99c7fc77d54d5966530bf60,Princess Locker v2 勒索.exe,59,61,2,增加,73,75,2026-07-09T04:12:34Z,2026-09-27T04:11:15Z
dcf5da82c4785d8cca8f4d4478bebbf4ff7af25e584ee6fe86e8ce65363ff28c,Ransom (17.06.05) .exe,59,59,0,不变,75,75,2026-09-23T10:04:20Z,2026-09-27T04:13:06Z
de05a84c5d47430fd6632a896726228af39cd8cb63d6b1c6efb2ffa6b7e59ee4,Ransom.Jigsaw .exe,58,54,-4,减少,76,75,2025-03-08T17:04:44Z,2026-09-27T04:20:18Z
e2387bcd3d274f5b4d0353edff2755d39d66afedda1d47f7548391c5d4238f52,CryptoShield.Ransom .exe,58,55,-3,减少,76,75,2025-06-06T11:37:53Z,2026-09-27T04:06:10Z
e478fe703e64b417ed40b35dc5063e78afc00b26b867b12e648efd94d8be59cc,GlobeImposter 勒索.exe,63,61,-2,减少,76,75,2025-03-08T17:04:39Z,2026-09-27T04:08:34Z
e4aa8cfc4cd8b791eaa38dbe6fd7e11bcaaafab680bd2ed7c87e38063623e941,伪Excel WannaCrypt 变种.exe,61,63,2,增加,75,75,2026-08-06T07:00:55Z,2026-09-27T04:31:48Z
e9c4b1cc602c12fb21a29730eb2da51ab37cdf6501d2aae45e01ec841883ef94,Recomposit. #Cerber.exe,64,61,-3,减少,76,75,2025-04-28T11:51:43Z,2026-09-27T04:27:15Z
ed01ebfbc9eb5bbea545af4d01bf5f1071661840480439c6e5babe8e080e41aa,wcry2.0 勒索.exe,66,66,0,不变,75,75,2026-09-25T08:43:12Z,2026-09-27T04:31:00Z
efcbb009243e2f590351c1bdd6456e140d2711439906674d8d57a17f5c287c98,2016-12-30-pseudoDarkleech-Rig-V-payload-Cerber.exe,56,57,1,增加,76,75,2025-08-30T05:09:54Z,2026-09-27T03:58:51Z
f0103528b96533db9d76df0f760b4d0ffc1a142b0070e3a70e6f9a724d726fbd,Ransom.Xdata.exe,61,61,0,不变,75,75,2026-05-28T09:01:00Z,2026-09-27T04:24:02Z
f112d0794226336fb6fb82ed44de53c9d7978e05341e632f5eeefffad7d3eeef,Ransom.Cryptolocker.exe,55,57,2,增加,76,75,2025-12-24T02:10:32Z,2026-09-27T04:16:51Z
f5cd435ea9a1c9b7ec374ccbd08cc6c4ea866bcdc438ea8f1523251966c6e88b,GPGQwerty 勒索.exe,56,54,-2,减少,76,75,2025-03-09T20:07:15Z,2026-09-27T04:08:51Z
f69e7e7ea7231315aa7880ec39d14ee41b4fb39c56f45d172a38a47bee5e5883,Neighbur Readiness.exe,55,53,-2,减少,76,75,2025-03-08T17:04:40Z,2026-09-27T04:10:42Z
fce87e9274e8f489fc956dd71539b4295ffe524cb8b4e34c80cf1f59802576ae,Ransom.HydraCrypt .exe,53,49,-4,减少,76,75,2025-03-08T16:12:26Z,2026-09-27T04:19:31Z
