group,filename,sha256,query_status,malicious,suspicious,undetected,unsupported,total_engines,threat_label,analysis_time,report,virustotal,source,queried_at
A,0ABCF2F2.exe,7b3075b1a8cc0163d1e12000338adf3ed8a69977c4d4cacfc2e20e97049d727a,success,60,0,10,4,75,,2026-09-27T04:24:34Z,reports/files/0ABCF2F2.exe.md,https://www.virustotal.com/gui/file/7b3075b1a8cc0163d1e12000338adf3ed8a69977c4d4cacfc2e20e97049d727a,Uploaded File,
A,1.exe,90da9d5e03a068e282e0c38bd268182ec1554c224b29f0a45f380a97cba045f0,success,63,0,8,4,75,,2026-09-27T04:15:30Z,reports/files/1.exe.md,https://www.virustotal.com/gui/file/90da9d5e03a068e282e0c38bd268182ec1554c224b29f0a45f380a97cba045f0,Uploaded File,
A,2.exe,693dbdfb689bbaa610d7feefffa1115cabe7d2d474c91f56a34a593220907c96,success,64,0,7,4,75,,2026-09-27T04:15:48Z,reports/files/2.exe.md,https://www.virustotal.com/gui/file/693dbdfb689bbaa610d7feefffa1115cabe7d2d474c91f56a34a593220907c96,Uploaded File,
A,2016-12-30-pseudoDarkleech-Rig-V-payload-Cerber.exe,efcbb009243e2f590351c1bdd6456e140d2711439906674d8d57a17f5c287c98,success,57,0,14,4,75,,2026-09-27T03:58:51Z,reports/files/2016-12-30-pseudoDarkleech-Rig-V-payload-Cerber.exe.md,https://www.virustotal.com/gui/file/efcbb009243e2f590351c1bdd6456e140d2711439906674d8d57a17f5c287c98,Uploaded File,
A,2018-04-14-GandCrab-ransomware勒索.exe,9d7ffcdc6f4cb49a80c4e103ef97cf73cba16a912fb60d0478d805b248d152ff,success,63,0,8,4,75,,2026-09-27T04:04:02Z,reports/files/2018-04-14-GandCrab-ransomware勒索.exe.md,https://www.virustotal.com/gui/file/9d7ffcdc6f4cb49a80c4e103ef97cf73cba16a912fb60d0478d805b248d152ff,Uploaded File,
A,2018-05-08-Ransomware. Xorist.exe,00133805d692da064e8e47b1d06298998764c5284606bbcd79ef753ca68cac41,success,63,0,8,4,75,,2026-09-27T04:04:17Z,reports/files/2018-05-08-Ransomware. Xorist.exe.md,https://www.virustotal.com/gui/file/00133805d692da064e8e47b1d06298998764c5284606bbcd79ef753ca68cac41,Uploaded File,
A,333.exe,5e16067461b8ce060a44fb8f4d1cd3f249b224107775e9c28c1ec270804cfd06,success,52,0,18,4,75,,2026-09-27T04:18:42Z,reports/files/333.exe.md,https://www.virustotal.com/gui/file/5e16067461b8ce060a44fb8f4d1cd3f249b224107775e9c28c1ec270804cfd06,Uploaded File,
A,6e5d10ba388a5200d45a2059add694d56d1f1cd50f82087a06eb68d808b0e357.exe,6e5d10ba388a5200d45a2059add694d56d1f1cd50f82087a06eb68d808b0e357,success,63,0,8,4,75,,2026-09-27T04:20:36Z,reports/files/6e5d10ba388a5200d45a2059add694d56d1f1cd50f82087a06eb68d808b0e357.exe.md,https://www.virustotal.com/gui/file/6e5d10ba388a5200d45a2059add694d56d1f1cd50f82087a06eb68d808b0e357,Uploaded File,
A,7f081859ae2b9b59f014669233473921f1cac755f6c6bbd5dcdd3fafbe710000.exe,7f081859ae2b9b59f014669233473921f1cac755f6c6bbd5dcdd3fafbe710000,success,66,0,5,4,75,,2026-09-27T04:20:51Z,reports/files/7f081859ae2b9b59f014669233473921f1cac755f6c6bbd5dcdd3fafbe710000.exe.md,https://www.virustotal.com/gui/file/7f081859ae2b9b59f014669233473921f1cac755f6c6bbd5dcdd3fafbe710000,Uploaded File,
A,9D5FCE6B.exe,846416b8b5d3c83e0191e62b7a123e9188b7e04095a559c6a1b2c22812d0f25e,success,63,0,8,4,75,,2026-09-27T04:24:51Z,reports/files/9D5FCE6B.exe.md,https://www.virustotal.com/gui/file/846416b8b5d3c83e0191e62b7a123e9188b7e04095a559c6a1b2c22812d0f25e,Uploaded File,
A,ASN1.Ransomware .exe,6a407e26b35ce7d16be748f5f3839334c9dc6ec5520960f6832b4cf3a61d0e94,success,61,0,10,4,75,,2026-09-27T04:04:34Z,reports/files/ASN1.Ransomware .exe.md,https://www.virustotal.com/gui/file/6a407e26b35ce7d16be748f5f3839334c9dc6ec5520960f6832b4cf3a61d0e94,Uploaded File,
A,BadEncript.Ransom .exe,3bba4636606843da8e3591682b4433bdc94085a1939bbdc35f10bbfd97ac3d3d,success,48,0,23,4,75,,2026-09-27T04:04:50Z,reports/files/BadEncript.Ransom .exe.md,https://www.virustotal.com/gui/file/3bba4636606843da8e3591682b4433bdc94085a1939bbdc35f10bbfd97ac3d3d,Uploaded File,
A,Cerber Ransom.exe,76d82ec0e56018601cce4e151c1fff37556881f5e3dd7aa36c5003e1303a440f,success,63,0,7,4,75,,2026-09-27T04:05:06Z,reports/files/Cerber Ransom.exe.md,https://www.virustotal.com/gui/file/76d82ec0e56018601cce4e151c1fff37556881f5e3dd7aa36c5003e1303a440f,Uploaded File,
A,CF透视飞天外挂 勒索.exe,cded0b96a4e9790ffdcfe059b1c8659858ab75a82557e4e734071b2bebd35ac2,success,57,0,14,4,75,,2026-09-27T04:05:23Z,reports/files/CF透视飞天外挂 勒索.exe.md,https://www.virustotal.com/gui/file/cded0b96a4e9790ffdcfe059b1c8659858ab75a82557e4e734071b2bebd35ac2,Uploaded File,
A,crowti.exe,c6480b9d2df5dc54a2d40165fb98d664afb26c0fc833d8bc534ca4b8d25817d6,success,61,0,10,4,75,,2026-09-27T04:16:02Z,reports/files/crowti.exe.md,https://www.virustotal.com/gui/file/c6480b9d2df5dc54a2d40165fb98d664afb26c0fc833d8bc534ca4b8d25817d6,Uploaded File,
A,crowti2.exe,17764113ccabe07f68f9150eb4038790b6363ff65c590d037f00d821416c9045,success,63,0,8,4,75,,2026-09-27T04:16:18Z,reports/files/crowti2.exe.md,https://www.virustotal.com/gui/file/17764113ccabe07f68f9150eb4038790b6363ff65c590d037f00d821416c9045,Uploaded File,
A,Cryakl 勒索.exe,735abbb3b5a1e7eeb625696c92c08ca4cfda110c1f6627524ade4f368a311bc0,success,62,0,9,4,75,,2026-09-27T04:05:38Z,reports/files/Cryakl 勒索.exe.md,https://www.virustotal.com/gui/file/735abbb3b5a1e7eeb625696c92c08ca4cfda110c1f6627524ade4f368a311bc0,Uploaded File,
A,CryptoMix.Ransom.exe,aa017d5de297b368ccee323e0dea31d4b16b86fe8ccaa108dc2101debc6ad8d7,success,62,0,9,4,75,,2026-09-27T04:05:55Z,reports/files/CryptoMix.Ransom.exe.md,https://www.virustotal.com/gui/file/aa017d5de297b368ccee323e0dea31d4b16b86fe8ccaa108dc2101debc6ad8d7,Uploaded File,
A,CryptoShield.Ransom .exe,e2387bcd3d274f5b4d0353edff2755d39d66afedda1d47f7548391c5d4238f52,success,55,0,16,4,75,,2026-09-27T04:06:10Z,reports/files/CryptoShield.Ransom .exe.md,https://www.virustotal.com/gui/file/e2387bcd3d274f5b4d0353edff2755d39d66afedda1d47f7548391c5d4238f52,Uploaded File,
A,CryptoWire Ransomware .exe,2f07a538a2edea2e14c9e402e57b24912e0ae794fe9df81c660791a4be8ba0a4,success,57,0,13,4,75,,2026-09-27T04:06:26Z,reports/files/CryptoWire Ransomware .exe.md,https://www.virustotal.com/gui/file/2f07a538a2edea2e14c9e402e57b24912e0ae794fe9df81c660791a4be8ba0a4,Uploaded File,
A,Cypher 勒索.exe,95f3cfc5b4360cb385c068dbe56270e0eaa3695d1fc59b5f70a6f656488adf78,success,58,0,13,4,75,,2026-09-27T04:06:43Z,reports/files/Cypher 勒索.exe.md,https://www.virustotal.com/gui/file/95f3cfc5b4360cb385c068dbe56270e0eaa3695d1fc59b5f70a6f656488adf78,Uploaded File,
A,Dharma.Ransom .exe,2afbe08e0fc1046cbed33952169875aafb6a757ee407e8efa728cd854b12c9f8,success,61,0,9,4,75,,2026-09-27T04:07:00Z,reports/files/Dharma.Ransom .exe.md,https://www.virustotal.com/gui/file/2afbe08e0fc1046cbed33952169875aafb6a757ee407e8efa728cd854b12c9f8,Uploaded File,
A,FileLocker .exe,4d74e2fc678d4c15494cc72e8f14c685d8d1a61457d784f41de5c600fdc4d780,success,60,0,11,4,75,,2026-09-27T04:07:14Z,reports/files/FileLocker .exe.md,https://www.virustotal.com/gui/file/4d74e2fc678d4c15494cc72e8f14c685d8d1a61457d784f41de5c600fdc4d780,Uploaded File,
A,FlashPlayer_2017_0007555.exe,3fe5fd24a80adbd214bec77de3ff64b09e2ab9db9fe4b043ec2fc1b568a461f8,success,61,0,10,4,75,,2026-09-27T04:32:06Z,reports/files/FlashPlayer_2017_0007555.exe.md,https://www.virustotal.com/gui/file/3fe5fd24a80adbd214bec77de3ff64b09e2ab9db9fe4b043ec2fc1b568a461f8,Uploaded File,
A,FRS 勒索.exe,72ebc223bef1bf4cabad9c7eb6e520f0d93554f2807d4c8875be24dc3ab129a4,success,62,0,9,4,75,,2026-09-27T04:07:30Z,reports/files/FRS 勒索.exe.md,https://www.virustotal.com/gui/file/72ebc223bef1bf4cabad9c7eb6e520f0d93554f2807d4c8875be24dc3ab129a4,Uploaded File,
A,GandCrab Ransomware 勒索.exe,ce9c9917b66815ec7e5009f8bfa19ef3d2dfc0cf66be0b4b99b9bebb244d6706,success,69,0,2,4,75,,2026-09-27T04:07:47Z,reports/files/GandCrab Ransomware 勒索.exe.md,https://www.virustotal.com/gui/file/ce9c9917b66815ec7e5009f8bfa19ef3d2dfc0cf66be0b4b99b9bebb244d6706,Uploaded File,
A,GandCrab v2 勒索.exe,966a0852c8adbea0b7b7aada7c2c851ee642c7bca7da3b29ee143f47ddeb90a5,success,65,0,6,4,75,,2026-09-27T04:08:02Z,reports/files/GandCrab v2 勒索.exe.md,https://www.virustotal.com/gui/file/966a0852c8adbea0b7b7aada7c2c851ee642c7bca7da3b29ee143f47ddeb90a5,Uploaded File,
A,GandCrab 勒索.exe,149febedc64a1241f4b75d6877563f7a447bc5df03ccb6cc90af92d884ac3367,success,65,0,6,4,75,,2026-09-27T04:08:18Z,reports/files/GandCrab 勒索.exe.md,https://www.virustotal.com/gui/file/149febedc64a1241f4b75d6877563f7a447bc5df03ccb6cc90af92d884ac3367,Uploaded File,
A,Geometry dash auto speedhack.bat,5e2cd213ff47b7657abd9167c38ffd8b53c13261fe22adddea92b5a2d9e320ad,success,44,0,17,14,75,,2026-09-27T04:10:09Z,reports/files/Geometry dash auto speedhack.bat.md,https://www.virustotal.com/gui/file/5e2cd213ff47b7657abd9167c38ffd8b53c13261fe22adddea92b5a2d9e320ad,Uploaded File,
A,geometry dash auto speedhack.exe,a3d5715a81f2fbeb5f76c88c9c21eeee87142909716472f911ff6950c790c24d,success,66,0,5,4,75,,2026-09-27T04:10:25Z,reports/files/geometry dash auto speedhack.exe.md,https://www.virustotal.com/gui/file/a3d5715a81f2fbeb5f76c88c9c21eeee87142909716472f911ff6950c790c24d,Uploaded File,
A,GlobeImposter 勒索.exe,e478fe703e64b417ed40b35dc5063e78afc00b26b867b12e648efd94d8be59cc,success,61,0,10,4,75,,2026-09-27T04:08:34Z,reports/files/GlobeImposter 勒索.exe.md,https://www.virustotal.com/gui/file/e478fe703e64b417ed40b35dc5063e78afc00b26b867b12e648efd94d8be59cc,Uploaded File,
A,GPGQwerty 勒索.exe,f5cd435ea9a1c9b7ec374ccbd08cc6c4ea866bcdc438ea8f1523251966c6e88b,success,54,0,17,4,75,,2026-09-27T04:08:51Z,reports/files/GPGQwerty 勒索.exe.md,https://www.virustotal.com/gui/file/f5cd435ea9a1c9b7ec374ccbd08cc6c4ea866bcdc438ea8f1523251966c6e88b,Uploaded File,
A,hvnc_y.exe,1e7e00b3901642200a1d5e8f0d0fd5e1b4942dad5d9677746e40cca9d4e0e429,success,54,0,17,4,75,,2026-09-27T04:18:58Z,reports/files/hvnc_y.exe.md,https://www.virustotal.com/gui/file/1e7e00b3901642200a1d5e8f0d0fd5e1b4942dad5d9677746e40cca9d4e0e429,Uploaded File,
A,Italian Ransom #Pec2017.rtf,c11ace835d21ddbd327ad1aff7dae5968983d1177d4a75ed3975acb15442c21f,success,44,0,17,14,75,,2026-09-27T04:09:06Z,reports/files/Italian Ransom #Pec2017.rtf.md,https://www.virustotal.com/gui/file/c11ace835d21ddbd327ad1aff7dae5968983d1177d4a75ed3975acb15442c21f,Uploaded File,
A,JobCrypter.Ransom .exe,d88d1a897e21afc0c55f7ffac142ef394757a6fa835abff14d21b8e2dbe1ce26,success,56,0,15,4,75,,2026-09-27T04:09:22Z,reports/files/JobCrypter.Ransom .exe.md,https://www.virustotal.com/gui/file/d88d1a897e21afc0c55f7ffac142ef394757a6fa835abff14d21b8e2dbe1ce26,Uploaded File,
A,MATRIX.EXE,2373d67f4a4af9b751db88547079e9527ce475adce2801d271d6d6a4bc697175,success,55,0,16,4,75,,2026-09-27T04:09:39Z,reports/files/MATRIX.EXE.md,https://www.virustotal.com/gui/file/2373d67f4a4af9b751db88547079e9527ce475adce2801d271d6d6a4bc697175,Uploaded File,
A,MBR硬盘锁.exe,3a21506bfc046c1b6a5559af4ce3667c53b2c163c95116210406c1c6a3a3b7d0,success,60,0,10,4,75,,2026-09-27T04:09:54Z,reports/files/MBR硬盘锁.exe.md,https://www.virustotal.com/gui/file/3a21506bfc046c1b6a5559af4ce3667c53b2c163c95116210406c1c6a3a3b7d0,Uploaded File,
A,Neighbur Readiness.exe,f69e7e7ea7231315aa7880ec39d14ee41b4fb39c56f45d172a38a47bee5e5883,success,53,0,18,4,75,,2026-09-27T04:10:42Z,reports/files/Neighbur Readiness.exe.md,https://www.virustotal.com/gui/file/f69e7e7ea7231315aa7880ec39d14ee41b4fb39c56f45d172a38a47bee5e5883,Uploaded File,
A,Petya 勒索.exe,26b4699a7b9eeb16e76305d843d4ab05e94d43f3201436927e13b3ebafa90739,success,66,0,5,4,75,,2026-09-27T04:10:58Z,reports/files/Petya 勒索.exe.md,https://www.virustotal.com/gui/file/26b4699a7b9eeb16e76305d843d4ab05e94d43f3201436927e13b3ebafa90739,Uploaded File,
A,Princess Locker v2 勒索.exe,dc7ab2e7ed26554a11da51a184e95b01e685b1a2f99c7fc77d54d5966530bf60,success,61,0,10,4,75,,2026-09-27T04:11:15Z,reports/files/Princess Locker v2 勒索.exe.md,https://www.virustotal.com/gui/file/dc7ab2e7ed26554a11da51a184e95b01e685b1a2f99c7fc77d54d5966530bf60,Uploaded File,
A,q2oic2i0b 数字签名勒索.exe,3d7b66d631053afdd9cf2bc0dfc376e7bc9beac4b240c3e63799a5a8549c83af,success,61,0,10,4,75,,2026-09-27T04:11:30Z,reports/files/q2oic2i0b 数字签名勒索.exe.md,https://www.virustotal.com/gui/file/3d7b66d631053afdd9cf2bc0dfc376e7bc9beac4b240c3e63799a5a8549c83af,Uploaded File,
A,QQ Helper.exe,5ec4dd16274fd570b781db67d494d9a5cb9d7468c39ed09b46abb87c6f30ea29,success,62,0,9,4,75,,2026-09-27T04:11:47Z,reports/files/QQ Helper.exe.md,https://www.virustotal.com/gui/file/5ec4dd16274fd570b781db67d494d9a5cb9d7468c39ed09b46abb87c6f30ea29,Uploaded File,
A,qq盗号木马.exe,a8d49920d6213217afa284aed97232b3e6a8f7691b67d4981db77e41db6fa924,success,58,0,13,4,75,,2026-09-27T04:12:06Z,reports/files/qq盗号木马.exe.md,https://www.virustotal.com/gui/file/a8d49920d6213217afa284aed97232b3e6a8f7691b67d4981db77e41db6fa924,Uploaded File,
A,QQ钓鱼.exe,cdc3211e1859e7508f215af8fbb51f1d4b9311dc34c843e2a95d30d634a647a5,success,47,0,22,4,75,,2026-09-27T04:12:20Z,reports/files/QQ钓鱼.exe.md,https://www.virustotal.com/gui/file/cdc3211e1859e7508f215af8fbb51f1d4b9311dc34c843e2a95d30d634a647a5,Uploaded File,
A,Radiation.Hell Ransomware.exe,00f001e3eda573c2994a749b83e920d7067893bdb9a5fe836b22bd05d4d611ff,success,56,0,15,4,75,,2026-09-27T04:12:34Z,reports/files/Radiation.Hell Ransomware.exe.md,https://www.virustotal.com/gui/file/00f001e3eda573c2994a749b83e920d7067893bdb9a5fe836b22bd05d4d611ff,Uploaded File,
A,Ransom (17.06.04).exe,6b1fa67e22b8a552f48984e3c203746af32fdab428c9502f35998d5293ca37d6,success,60,0,11,4,75,,2026-09-27T04:12:51Z,reports/files/Ransom (17.06.04).exe.md,https://www.virustotal.com/gui/file/6b1fa67e22b8a552f48984e3c203746af32fdab428c9502f35998d5293ca37d6,Uploaded File,
A,Ransom (17.06.05) .exe,dcf5da82c4785d8cca8f4d4478bebbf4ff7af25e584ee6fe86e8ce65363ff28c,success,59,0,11,4,75,,2026-09-27T04:13:06Z,reports/files/Ransom (17.06.05) .exe.md,https://www.virustotal.com/gui/file/dcf5da82c4785d8cca8f4d4478bebbf4ff7af25e584ee6fe86e8ce65363ff28c,Uploaded File,
A,Ransom 17.06.08.exe,4c7e7416cb191d6f75605841456a17b29362286ed0497bf2f76338c5a07cf048,success,61,0,10,4,75,,2026-09-27T04:13:22Z,reports/files/Ransom 17.06.08.exe.md,https://www.virustotal.com/gui/file/4c7e7416cb191d6f75605841456a17b29362286ed0497bf2f76338c5a07cf048,Uploaded File,
A,Ransom 17.8.07.exe,8aac6b8f97a4e34081ff4a4f7e2dfee163c703dd262a829a6f1e24dbc55df32a,success,60,0,11,4,75,,2026-09-27T04:13:38Z,reports/files/Ransom 17.8.07.exe.md,https://www.virustotal.com/gui/file/8aac6b8f97a4e34081ff4a4f7e2dfee163c703dd262a829a6f1e24dbc55df32a,Uploaded File,
A,Ransom 勒索.exe,320e4f9900102a0aef57e7489daee6ef04ba83b77d7172272905848c817e50e5,success,54,0,17,4,75,,2026-09-27T04:13:54Z,reports/files/Ransom 勒索.exe.md,https://www.virustotal.com/gui/file/320e4f9900102a0aef57e7489daee6ef04ba83b77d7172272905848c817e50e5,Uploaded File,
A,Ransom(Blue Eagle).exe,02d089c6241452061206ecf8d93c6a53b0546ba869f058f135fc0449858262b4,success,51,0,19,4,75,,2026-09-27T04:14:11Z,reports/files/Ransom(Blue Eagle).exe.md,https://www.virustotal.com/gui/file/02d089c6241452061206ecf8d93c6a53b0546ba869f058f135fc0449858262b4,Uploaded File,
A,Ransom.BitKangoroo.exe,a468b9a6ce1c25a7e003e3f84a78b1ad69c9762a9d324ffdd9c16d0a33ded024,success,52,0,15,4,75,,2026-09-27T04:14:27Z,reports/files/Ransom.BitKangoroo.exe.md,https://www.virustotal.com/gui/file/a468b9a6ce1c25a7e003e3f84a78b1ad69c9762a9d324ffdd9c16d0a33ded024,Uploaded File,
A,Ransom.Cerber .exe,461e092b6070c13e51b91471d449dd9f5eaef44a42de0188880cd5f9f5abd6e5,success,58,0,13,4,75,,2026-09-27T04:14:58Z,reports/files/Ransom.Cerber .exe.md,https://www.virustotal.com/gui/file/461e092b6070c13e51b91471d449dd9f5eaef44a42de0188880cd5f9f5abd6e5,Uploaded File,
A,Ransom.Cerber 2.exe,c485927e940431f19c88637135754ecddcb69ac4dd5cb08cfb62ef56ed76b2c0,success,56,0,5,4,75,,2026-09-27T04:14:42Z,reports/files/Ransom.Cerber 2.exe.md,https://www.virustotal.com/gui/file/c485927e940431f19c88637135754ecddcb69ac4dd5cb08cfb62ef56ed76b2c0,Uploaded File,
A,Ransom.Cerber.exe,944ccd8b16ab6bce62d82aaa0a71bad675efc8f9fd339656014b4eaba4985d16,success,65,0,6,4,75,,2026-09-27T04:15:14Z,reports/files/Ransom.Cerber.exe.md,https://www.virustotal.com/gui/file/944ccd8b16ab6bce62d82aaa0a71bad675efc8f9fd339656014b4eaba4985d16,Uploaded File,
A,Ransom.Crypt0l0cker.exe,421ad1769b1e09dc7e51b0bdc24d427da27ac96b6e3400934f4c40fa3fac4eda,success,53,0,17,4,75,,2026-09-27T04:16:35Z,reports/files/Ransom.Crypt0l0cker.exe.md,https://www.virustotal.com/gui/file/421ad1769b1e09dc7e51b0bdc24d427da27ac96b6e3400934f4c40fa3fac4eda,Uploaded File,
A,Ransom.Cryptolocker.exe,f112d0794226336fb6fb82ed44de53c9d7978e05341e632f5eeefffad7d3eeef,success,57,0,14,4,75,,2026-09-27T04:16:51Z,reports/files/Ransom.Cryptolocker.exe.md,https://www.virustotal.com/gui/file/f112d0794226336fb6fb82ed44de53c9d7978e05341e632f5eeefffad7d3eeef,Uploaded File,
A,Ransom.DoNotChange.exe,688709ac00191db3b29d9b1eb6e02fd84b37789b35b2197fdb6d334a55d57c48,success,50,0,20,4,75,,2026-09-27T04:17:07Z,reports/files/Ransom.DoNotChange.exe.md,https://www.virustotal.com/gui/file/688709ac00191db3b29d9b1eb6e02fd84b37789b35b2197fdb6d334a55d57c48,Uploaded File,
A,Ransom.EW.gen.exe,22a113249ef7422cb28311421365358fbaccbaa41b5fcc59466490f8299790ec,success,60,0,9,4,75,,2026-09-27T04:17:22Z,reports/files/Ransom.EW.gen.exe.md,https://www.virustotal.com/gui/file/22a113249ef7422cb28311421365358fbaccbaa41b5fcc59466490f8299790ec,Uploaded File,
A,Ransom.FenixLocker.exe,b3118e00a52685441d2dfb815cc9d1e06b70ac5cc54e2334456898138af8ebe0,success,59,0,12,4,75,,2026-09-27T04:17:39Z,reports/files/Ransom.FenixLocker.exe.md,https://www.virustotal.com/gui/file/b3118e00a52685441d2dfb815cc9d1e06b70ac5cc54e2334456898138af8ebe0,Uploaded File,
A,Ransom.FrozrLock.exe,89284ff8858d739741dfc8007f02548489786ed3d1dace339ad7157b6921a0f5,success,59,0,12,4,75,,2026-09-27T04:17:55Z,reports/files/Ransom.FrozrLock.exe.md,https://www.virustotal.com/gui/file/89284ff8858d739741dfc8007f02548489786ed3d1dace339ad7157b6921a0f5,Uploaded File,
A,Ransom.GlobeImposter 勒索.exe,541130a9bc817f66fb96ade8b247e42ef6fee68aef19020a722a472bcb8a5fbe,success,61,0,10,4,75,,2026-09-27T04:18:10Z,reports/files/Ransom.GlobeImposter 勒索.exe.md,https://www.virustotal.com/gui/file/541130a9bc817f66fb96ade8b247e42ef6fee68aef19020a722a472bcb8a5fbe,Uploaded File,
A,Ransom.Gomme.exe,2f0eb53715a315c4412a2d3be770fa9b7b7de6500dbde55f9e3eef1fe485cefc,success,53,0,18,4,75,,2026-09-27T04:18:26Z,reports/files/Ransom.Gomme.exe.md,https://www.virustotal.com/gui/file/2f0eb53715a315c4412a2d3be770fa9b7b7de6500dbde55f9e3eef1fe485cefc,Uploaded File,
A,Ransom.HydraCrypt .exe,fce87e9274e8f489fc956dd71539b4295ffe524cb8b4e34c80cf1f59802576ae,success,49,0,21,4,75,,2026-09-27T04:19:31Z,reports/files/Ransom.HydraCrypt .exe.md,https://www.virustotal.com/gui/file/fce87e9274e8f489fc956dd71539b4295ffe524cb8b4e34c80cf1f59802576ae,Uploaded File,
A,Ransom.Jaff.exe,0a52c5de20a7baa231579ceb7b430ecff1b046b58bd156dcc1fee22c89f65324,success,64,0,7,4,75,,2026-09-27T04:19:48Z,reports/files/Ransom.Jaff.exe.md,https://www.virustotal.com/gui/file/0a52c5de20a7baa231579ceb7b430ecff1b046b58bd156dcc1fee22c89f65324,Uploaded File,
A,Ransom.JaffCrypt .exe,341267f4794a49e566c9697c77e974a99e41445cf41d8387040049ee1b8b2f3b,success,57,0,13,4,75,,2026-09-27T04:20:02Z,reports/files/Ransom.JaffCrypt .exe.md,https://www.virustotal.com/gui/file/341267f4794a49e566c9697c77e974a99e41445cf41d8387040049ee1b8b2f3b,Uploaded File,
A,Ransom.Jigsaw .exe,de05a84c5d47430fd6632a896726228af39cd8cb63d6b1c6efb2ffa6b7e59ee4,success,54,0,17,4,75,,2026-09-27T04:20:18Z,reports/files/Ransom.Jigsaw .exe.md,https://www.virustotal.com/gui/file/de05a84c5d47430fd6632a896726228af39cd8cb63d6b1c6efb2ffa6b7e59ee4,Uploaded File,
A,Ransom.Locky.exe,5606e9dc4ab113749953687adac6ddb7b19c864f6431bdcf0c5b0e2a98cca39e,success,67,0,4,4,75,,2026-09-27T04:21:22Z,reports/files/Ransom.Locky.exe.md,https://www.virustotal.com/gui/file/5606e9dc4ab113749953687adac6ddb7b19c864f6431bdcf0c5b0e2a98cca39e,Uploaded File,
A,Ransom.Locky.exe,8ff979f23f8bab94ce767d4760811bde66c556c0c56b72bb839d4d277b3703ad,success,62,0,7,4,75,,2026-09-27T04:21:07Z,reports/files/Ransom.Locky.exe__8ff979f2.md,https://www.virustotal.com/gui/file/8ff979f23f8bab94ce767d4760811bde66c556c0c56b72bb839d4d277b3703ad,Uploaded File,
A,Ransom.MBRLock.exe,0cdc0c2600a59ad3298637140bb41df2260d45a4a8e73dd039ecc76224fafaa3,success,58,0,13,4,75,,2026-09-27T04:21:39Z,reports/files/Ransom.MBRLock.exe.md,https://www.virustotal.com/gui/file/0cdc0c2600a59ad3298637140bb41df2260d45a4a8e73dd039ecc76224fafaa3,Uploaded File,
A,Ransom.Mole .exe,ca6624ec06c043bf9624260a7b6f437cf7c29d5909306ebd7972f113e4834ec3,success,61,0,10,4,75,,2026-09-27T04:21:54Z,reports/files/Ransom.Mole .exe.md,https://www.virustotal.com/gui/file/ca6624ec06c043bf9624260a7b6f437cf7c29d5909306ebd7972f113e4834ec3,Uploaded File,
A,Ransom.p.exe,1f193cb76e7dcf14ba045e3ff06285bd03ba5154d9b5d6c3aa2ab6c8794c5bf6,success,61,0,10,4,75,,2026-09-27T04:22:10Z,reports/files/Ransom.p.exe.md,https://www.virustotal.com/gui/file/1f193cb76e7dcf14ba045e3ff06285bd03ba5154d9b5d6c3aa2ab6c8794c5bf6,Uploaded File,
A,Ransom.Petya.dll,027cc450ef5f8c5f653329641ec1fed91f694e0d229928963b30f6b0d7d3a745,success,64,0,7,4,75,,2026-09-27T04:22:26Z,reports/files/Ransom.Petya.dll.md,https://www.virustotal.com/gui/file/027cc450ef5f8c5f653329641ec1fed91f694e0d229928963b30f6b0d7d3a745,Uploaded File,
A,Ransom.Philadelphia .exe,9523a7d4318d1f3c4d270657c71599a34d29f047b07e6c67c591e94cf2d9fbb2,success,60,0,11,4,75,,2026-09-27T04:22:43Z,reports/files/Ransom.Philadelphia .exe.md,https://www.virustotal.com/gui/file/9523a7d4318d1f3c4d270657c71599a34d29f047b07e6c67c591e94cf2d9fbb2,Uploaded File,
A,Ransom.Serpent .exe,bec32e9ae122fe9249b2a26bf76b4d9f305157832dc27888efc5afe3ec592062,success,55,0,15,5,75,,2026-09-27T04:22:59Z,reports/files/Ransom.Serpent .exe.md,https://www.virustotal.com/gui/file/bec32e9ae122fe9249b2a26bf76b4d9f305157832dc27888efc5afe3ec592062,Uploaded File,
A,Ransom.SyncCrypt.wsf,3049a568c1c1cd4d225f8f333bf05e4560c8f9de5f167201253fedf35142fe3e,success,43,0,18,14,75,,2026-09-27T04:23:14Z,reports/files/Ransom.SyncCrypt.wsf.md,https://www.virustotal.com/gui/file/3049a568c1c1cd4d225f8f333bf05e4560c8f9de5f167201253fedf35142fe3e,Uploaded File,
A,Ransom.Troldesh 勒索.exe,d58b8501bef38d0b40da9845a13c2877bd81bf74194e79f4faa9076d5ed3521a,success,52,0,19,4,75,,2026-09-27T04:23:31Z,reports/files/Ransom.Troldesh 勒索.exe.md,https://www.virustotal.com/gui/file/d58b8501bef38d0b40da9845a13c2877bd81bf74194e79f4faa9076d5ed3521a,Uploaded File,
A,Ransom.unlckr.wsf,6811146b1e060408b776f1c9d3ab1571cecb5568b9d735b1bd99a2dfa2f6bf05,success,29,0,32,14,75,,2026-09-27T04:23:47Z,reports/files/Ransom.unlckr.wsf.md,https://www.virustotal.com/gui/file/6811146b1e060408b776f1c9d3ab1571cecb5568b9d735b1bd99a2dfa2f6bf05,Uploaded File,
A,Ransom.Xdata.exe,f0103528b96533db9d76df0f760b4d0ffc1a142b0070e3a70e6f9a724d726fbd,success,61,0,10,4,75,,2026-09-27T04:24:02Z,reports/files/Ransom.Xdata.exe.md,https://www.virustotal.com/gui/file/f0103528b96533db9d76df0f760b4d0ffc1a142b0070e3a70e6f9a724d726fbd,Uploaded File,
A,Ransom.Y.exe,729f2bfaa8aec92495e180dd3f97cfd1af43f85dc6f357090a8522f3f9ac1785,success,62,0,9,4,75,,2026-09-27T04:24:18Z,reports/files/Ransom.Y.exe.md,https://www.virustotal.com/gui/file/729f2bfaa8aec92495e180dd3f97cfd1af43f85dc6f357090a8522f3f9ac1785,Uploaded File,
A,Ransom_CRYPTEAR.SM.exe,5abb9ab63a97aeeb7cd451f51ef0f53ac4d4cf68dd204635539d4306605b1706,success,61,0,10,4,75,,2026-09-27T04:25:06Z,reports/files/Ransom_CRYPTEAR.SM.exe.md,https://www.virustotal.com/gui/file/5abb9ab63a97aeeb7cd451f51ef0f53ac4d4cf68dd204635539d4306605b1706,Uploaded File,
A,Ransom_CRYPTEAR.SM0.exe,043969e70014662e6a8b90eaaec10f4b4064dc42c0aeba39639af82f11cbab7e,success,64,0,7,4,75,,2026-09-27T04:25:22Z,reports/files/Ransom_CRYPTEAR.SM0.exe.md,https://www.virustotal.com/gui/file/043969e70014662e6a8b90eaaec10f4b4064dc42c0aeba39639af82f11cbab7e,Uploaded File,
A,Ransom_EGLUELOCKER.C.exe,066d06ca007d19457ca609dd95975f7facb551ffb5d8f6d4edf108236ad8c981,success,56,0,15,4,75,,2026-09-27T04:25:39Z,reports/files/Ransom_EGLUELOCKER.C.exe.md,https://www.virustotal.com/gui/file/066d06ca007d19457ca609dd95975f7facb551ffb5d8f6d4edf108236ad8c981,Uploaded File,
A,Ransom_HPCERBER.SMONT2.exe,9dca7148cc53763285ace997426340f29cf29a4b6d9400f2d51b0442fbbe9475,success,65,0,6,4,75,,2026-09-27T04:25:55Z,reports/files/Ransom_HPCERBER.SMONT2.exe.md,https://www.virustotal.com/gui/file/9dca7148cc53763285ace997426340f29cf29a4b6d9400f2d51b0442fbbe9475,Uploaded File,
A,Ransom_Wadhrama.R023C0DG417.exe,41c53e90f0861b068eaa512edff28a586128f808b437122399347bcb3774914a,success,58,0,13,4,75,,2026-09-27T04:26:10Z,reports/files/Ransom_Wadhrama.R023C0DG417.exe.md,https://www.virustotal.com/gui/file/41c53e90f0861b068eaa512edff28a586128f808b437122399347bcb3774914a,Uploaded File,
A,Ransomware #.wlu.exe,2cc1d8edc318e0e09aad6afbc48999980f8e39e54734bca4c1a95c7b5db39569,success,62,0,9,4,75,,2026-09-27T04:26:27Z,reports/files/Ransomware #.wlu.exe.md,https://www.virustotal.com/gui/file/2cc1d8edc318e0e09aad6afbc48999980f8e39e54734bca4c1a95c7b5db39569,Uploaded File,
A,Ransomware. Nemucod .js,74908cfd124bd1ee981f7b6e825bb5f6825265c80ecdef2c2cf68c4e305ad4c4,success,40,0,21,14,75,,2026-09-27T04:26:58Z,reports/files/Ransomware. Nemucod .js.md,https://www.virustotal.com/gui/file/74908cfd124bd1ee981f7b6e825bb5f6825265c80ecdef2c2cf68c4e305ad4c4,Uploaded File,
A,Ransomware.Eleta.exe,33f773691b2fb314eb6ff0a908ff03288216552f1235993770811a4b722b7b07,success,62,0,8,4,75,,2026-09-27T04:26:42Z,reports/files/Ransomware.Eleta.exe.md,https://www.virustotal.com/gui/file/33f773691b2fb314eb6ff0a908ff03288216552f1235993770811a4b722b7b07,Uploaded File,
A,Recomposit. #Cerber.exe,e9c4b1cc602c12fb21a29730eb2da51ab37cdf6501d2aae45e01ec841883ef94,success,61,0,10,4,75,,2026-09-27T04:27:15Z,reports/files/Recomposit. #Cerber.exe.md,https://www.virustotal.com/gui/file/e9c4b1cc602c12fb21a29730eb2da51ab37cdf6501d2aae45e01ec841883ef94,Uploaded File,
A,restoLocker 勒索.exe,52a1e5eb51dd84422ef284482ad47f97cc6dbe426a7a622d62f59df3ba62c1d7,success,55,0,15,4,75,,2026-09-27T04:27:32Z,reports/files/restoLocker 勒索.exe.md,https://www.virustotal.com/gui/file/52a1e5eb51dd84422ef284482ad47f97cc6dbe426a7a622d62f59df3ba62c1d7,Uploaded File,
A,Reyptson. Ransomware.exe,1d2968648d8e72ff017ebad79e1b16eb8d09fb8257e5a5235e0ad63e6bee0c4a,success,64,0,7,4,75,,2026-09-27T04:27:47Z,reports/files/Reyptson. Ransomware.exe.md,https://www.virustotal.com/gui/file/1d2968648d8e72ff017ebad79e1b16eb8d09fb8257e5a5235e0ad63e6bee0c4a,Uploaded File,
A,RuntimeBroker 勒索.exe,48f653fbed997b6d60fc1a735d97a8818d756d0f884b2e5d0453d973b920aab3,success,0,0,71,4,75,,2026-09-27T04:28:02Z,reports/files/RuntimeBroker 勒索.exe.md,https://www.virustotal.com/gui/file/48f653fbed997b6d60fc1a735d97a8818d756d0f884b2e5d0453d973b920aab3,Uploaded File,
A,SAGE 2.2 Ransomware.exe,6a7c00c06b2ae102ce41468f43f6b08c951c23b5a6af17ef0525092e86191767,success,59,0,12,4,75,,2026-09-27T04:28:19Z,reports/files/SAGE 2.2 Ransomware.exe.md,https://www.virustotal.com/gui/file/6a7c00c06b2ae102ce41468f43f6b08c951c23b5a6af17ef0525092e86191767,Uploaded File,
A,Sage.Ransom .exe,5655d1d3b4b2324d38e2536974c4be2f40a8a8b8bf0791bc707397b81f4bb630,success,56,0,15,4,75,,2026-09-27T04:28:34Z,reports/files/Sage.Ransom .exe.md,https://www.virustotal.com/gui/file/5655d1d3b4b2324d38e2536974c4be2f40a8a8b8bf0791bc707397b81f4bb630,Uploaded File,
A,ScammerLocker 勒索.exe,d261aaddc36b42cd3ab3b78021998f5c988c47a9174cbeafe8bcb3b052767d80,success,57,0,14,4,75,,2026-09-27T04:28:50Z,reports/files/ScammerLocker 勒索.exe.md,https://www.virustotal.com/gui/file/d261aaddc36b42cd3ab3b78021998f5c988c47a9174cbeafe8bcb3b052767d80,Uploaded File,
A,SilentSpring 勒索.exe,a0fa26c2f79fd4e0f3f25b3fcb7aa02bb0194b34f13aa8d721b114432a00b05a,success,49,0,22,4,75,,2026-09-27T04:29:07Z,reports/files/SilentSpring 勒索.exe.md,https://www.virustotal.com/gui/file/a0fa26c2f79fd4e0f3f25b3fcb7aa02bb0194b34f13aa8d721b114432a00b05a,Uploaded File,
A,Tilde Ransomware.exe,165f6a9f94265fff5602882ae53fd92a1ab3c353a301630db946561fbf40f9b1,success,57,0,14,4,75,,2026-09-27T04:29:22Z,reports/files/Tilde Ransomware.exe.md,https://www.virustotal.com/gui/file/165f6a9f94265fff5602882ae53fd92a1ab3c353a301630db946561fbf40f9b1,Uploaded File,
A,Trojan  MSIL-Upadter.A 木马.exe,6b2af14a321c31a74020d2f5cd002138a1bcd4979a7c839b24906eebe2f4542f,success,56,0,15,4,75,,2026-09-27T04:29:39Z,reports/files/Trojan  MSIL-Upadter.A 木马.exe.md,https://www.virustotal.com/gui/file/6b2af14a321c31a74020d2f5cd002138a1bcd4979a7c839b24906eebe2f4542f,Uploaded File,
A,Trojan.MSIL.Bladabindi .exe,b595ef8416ba39120d584222fdaf7570126890122680c909aa89f599b3fa816a,success,56,0,15,4,75,,2026-09-27T04:29:55Z,reports/files/Trojan.MSIL.Bladabindi .exe.md,https://www.virustotal.com/gui/file/b595ef8416ba39120d584222fdaf7570126890122680c909aa89f599b3fa816a,Uploaded File,
A,TrumpLocker .exe,08bd44c06513a5b490595560dc5eefff70f2ececfe72c6b9817310238038ef6c,success,59,0,12,4,75,,2026-09-27T04:30:11Z,reports/files/TrumpLocker .exe.md,https://www.virustotal.com/gui/file/08bd44c06513a5b490595560dc5eefff70f2ececfe72c6b9817310238038ef6c,Uploaded File,
A,Unlock92.Ransomware .exe,da50d4921f0567b981848d8049d2d7540528f39ed85c04a3dd5c7446344a1eb1,success,56,0,14,4,75,,2026-09-27T04:30:26Z,reports/files/Unlock92.Ransomware .exe.md,https://www.virustotal.com/gui/file/da50d4921f0567b981848d8049d2d7540528f39ed85c04a3dd5c7446344a1eb1,Uploaded File,
A,update.exe,6515c9c3606a0cb495b3b40f4efeeea03626398dc5f3456a2befd2e14d0feb5a,success,59,0,12,4,75,,2026-09-27T04:19:14Z,reports/files/update.exe.md,https://www.virustotal.com/gui/file/6515c9c3606a0cb495b3b40f4efeeea03626398dc5f3456a2befd2e14d0feb5a,Uploaded File,
A,Vortex.Ransomware.exe,b07ab2cb7f25de04661344ad09b0a0bdd0f9aab2fb55219ef3587da798ed5797,success,58,0,13,4,75,,2026-09-27T04:30:42Z,reports/files/Vortex.Ransomware.exe.md,https://www.virustotal.com/gui/file/b07ab2cb7f25de04661344ad09b0a0bdd0f9aab2fb55219ef3587da798ed5797,Uploaded File,
A,wcry2.0 勒索.exe,ed01ebfbc9eb5bbea545af4d01bf5f1071661840480439c6e5babe8e080e41aa,success,66,0,5,4,75,,2026-09-27T04:31:00Z,reports/files/wcry2.0 勒索.exe.md,https://www.virustotal.com/gui/file/ed01ebfbc9eb5bbea545af4d01bf5f1071661840480439c6e5babe8e080e41aa,Uploaded File,
A,wzryjb 勒索.exe,91b62961636993e37335a6119203528f2e4fa5ccc9085bf437ca0a2d8c008339,success,58,0,12,4,75,,2026-09-27T04:31:15Z,reports/files/wzryjb 勒索.exe.md,https://www.virustotal.com/gui/file/91b62961636993e37335a6119203528f2e4fa5ccc9085bf437ca0a2d8c008339,Uploaded File,
A,XiaoBa 2018-4-29测试版勒索.exe,c75f418d21df3bffaa3c8d96d7c1bdd18c484bab95e217d950b15c24b65c72fe,success,50,0,21,4,75,,2026-09-27T04:31:31Z,reports/files/XiaoBa 2018-4-29测试版勒索.exe.md,https://www.virustotal.com/gui/file/c75f418d21df3bffaa3c8d96d7c1bdd18c484bab95e217d950b15c24b65c72fe,Uploaded File,
A,伪Excel WannaCrypt 变种.exe,e4aa8cfc4cd8b791eaa38dbe6fd7e11bcaaafab680bd2ed7c87e38063623e941,success,63,0,8,4,75,,2026-09-27T04:31:48Z,reports/files/伪Excel WannaCrypt 变种.exe.md,https://www.virustotal.com/gui/file/e4aa8cfc4cd8b791eaa38dbe6fd7e11bcaaafab680bd2ed7c87e38063623e941,Uploaded File,
A,卢本伟病毒.exe,189bdd9d225537cdd803931a50eb308f6a952259fb74768879aa44df7648e222,success,62,0,8,4,75,,2026-09-27T04:32:23Z,reports/files/卢本伟病毒.exe.md,https://www.virustotal.com/gui/file/189bdd9d225537cdd803931a50eb308f6a952259fb74768879aa44df7648e222,Uploaded File,
A,国产MBR逻辑锁.exe,3a73050112d413d01556177aac66d82ca3395165ca49adbad3cdb0eb50a54bed,success,59,0,12,4,75,,2026-09-27T04:32:37Z,reports/files/国产MBR逻辑锁.exe.md,https://www.virustotal.com/gui/file/3a73050112d413d01556177aac66d82ca3395165ca49adbad3cdb0eb50a54bed,Uploaded File,
A,强制改电脑密码.exe,4496c8d327a465f36cc169fe9cd09ba3a1de1591333b8e20d3c136896ca8445c,success,42,0,29,4,75,,2026-09-27T04:32:51Z,reports/files/强制改电脑密码.exe.md,https://www.virustotal.com/gui/file/4496c8d327a465f36cc169fe9cd09ba3a1de1591333b8e20d3c136896ca8445c,Uploaded File,
A,恢复图标.exe,34395acf2bb2544b8a633f70dd37aca91ea70ec00a332ed3539bba57f27e623b,success,60,0,11,4,75,,2026-09-27T04:33:23Z,reports/files/恢复图标.exe.md,https://www.virustotal.com/gui/file/34395acf2bb2544b8a633f70dd37aca91ea70ec00a332ed3539bba57f27e623b,Uploaded File,
A,数字签名勒索.exe,3d7b66d631053afdd9cf2bc0dfc376e7bc9beac4b240c3e63799a5a8549c83af,success,61,0,10,4,75,,2026-09-27T04:11:30Z,reports/files/数字签名勒索.exe.md,https://www.virustotal.com/gui/file/3d7b66d631053afdd9cf2bc0dfc376e7bc9beac4b240c3e63799a5a8549c83af,Uploaded File,
A,死亡答题.exe,57d3f6b3bebac1922ddfc9805b2fc1f5e779b2a3ce53a65022d3a29a135b686b,success,61,0,10,4,75,,2026-09-27T04:33:07Z,reports/files/死亡答题.exe.md,https://www.virustotal.com/gui/file/57d3f6b3bebac1922ddfc9805b2fc1f5e779b2a3ce53a65022d3a29a135b686b,Uploaded File,
A,滑稽病毒.exe,86edac2f05c4f9d67b30ee019a6aa6aa1abccbe5d4034a89fccaea844dec825e,success,57,0,13,4,75,,2026-09-27T04:33:46Z,reports/files/滑稽病毒.exe.md,https://www.virustotal.com/gui/file/86edac2f05c4f9d67b30ee019a6aa6aa1abccbe5d4034a89fccaea844dec825e,Uploaded File,
A,熊猫烧香GameSetup.exe,40fee2a4be91d9d46cc133328ed41a3bdf9099be5084efbc95c8d0535ecee496,success,65,0,6,4,75,,2026-09-27T04:33:54Z,reports/files/熊猫烧香GameSetup.exe.md,https://www.virustotal.com/gui/file/40fee2a4be91d9d46cc133328ed41a3bdf9099be5084efbc95c8d0535ecee496,Uploaded File,
A,锁机.EXE,9bc95fd61185a383ce2ed20b7fc50202ec0ad69803a064e207497e4eca0cfdd6,success,64,0,7,4,75,,2026-09-27T04:34:12Z,reports/files/锁机.EXE.md,https://www.virustotal.com/gui/file/9bc95fd61185a383ce2ed20b7fc50202ec0ad69803a064e207497e4eca0cfdd6,Uploaded File,
B,,e40263ffb117480d7f774c86fa913b9f1e553a995f0a7db60c9eafab56836429,success,55,0,15,4,74,,2023-01-30T00:46:42Z,reports/hashes/e40263ffb117480d7f774c86fa913b9f1e553a995f0a7db60c9eafab56836429.md,https://www.virustotal.com/gui/file/e40263ffb117480d7f774c86fa913b9f1e553a995f0a7db60c9eafab56836429,SHA-256 Query,2026-09-26T14:14:25.753395Z
B,,e4058668e13f64395e9f316a80eb57224ce4fafc60fbf8d37e3c425c3874b269,success,66,0,6,4,76,,2023-12-30T20:19:13Z,reports/hashes/e4058668e13f64395e9f316a80eb57224ce4fafc60fbf8d37e3c425c3874b269.md,https://www.virustotal.com/gui/file/e4058668e13f64395e9f316a80eb57224ce4fafc60fbf8d37e3c425c3874b269,SHA-256 Query,2026-09-26T14:14:41.753892Z
B,,e406cac2d1fb072374815c3dc1b74c87b6623dcd8e754c9cd0fc618cd23ae8ed,success,36,0,32,6,74,,2023-01-24T01:34:45Z,reports/hashes/e406cac2d1fb072374815c3dc1b74c87b6623dcd8e754c9cd0fc618cd23ae8ed.md,https://www.virustotal.com/gui/file/e406cac2d1fb072374815c3dc1b74c87b6623dcd8e754c9cd0fc618cd23ae8ed,SHA-256 Query,2026-09-26T14:14:57.755944Z
B,,e40888301b1220e89beff148a152753a5c81924d4c0475d4fad26cf39333e2bd,success,6,0,63,4,73,,2023-10-04T08:38:01Z,reports/hashes/e40888301b1220e89beff148a152753a5c81924d4c0475d4fad26cf39333e2bd.md,https://www.virustotal.com/gui/file/e40888301b1220e89beff148a152753a5c81924d4c0475d4fad26cf39333e2bd,SHA-256 Query,2026-09-26T14:15:13.757021Z
B,,e40957768623e155cd156ec1f48c0602aedffa5d38b82ec06c4d3150aa01735b,success,35,0,32,6,74,,2023-02-05T06:46:44Z,reports/hashes/e40957768623e155cd156ec1f48c0602aedffa5d38b82ec06c4d3150aa01735b.md,https://www.virustotal.com/gui/file/e40957768623e155cd156ec1f48c0602aedffa5d38b82ec06c4d3150aa01735b,SHA-256 Query,2026-09-26T14:15:29.758053Z
B,,e40a83bc9f29b3d2f18563e74353af1394a4b7571c8524443ef52e2232b5203a,success,65,0,7,4,76,,2023-10-27T03:53:54Z,reports/hashes/e40a83bc9f29b3d2f18563e74353af1394a4b7571c8524443ef52e2232b5203a.md,https://www.virustotal.com/gui/file/e40a83bc9f29b3d2f18563e74353af1394a4b7571c8524443ef52e2232b5203a,SHA-256 Query,2026-09-26T14:15:45.762257Z
B,,e40b719b1fe8d248926e98bcedc8c73c8b877646a8760a7c51b93a00b1be762d,success,56,0,14,4,74,,2023-01-30T02:06:18Z,reports/hashes/e40b719b1fe8d248926e98bcedc8c73c8b877646a8760a7c51b93a00b1be762d.md,https://www.virustotal.com/gui/file/e40b719b1fe8d248926e98bcedc8c73c8b877646a8760a7c51b93a00b1be762d,SHA-256 Query,2026-09-26T14:16:01.764599Z
B,,e40c655bfa263f1aa4e4196951385b7d2b71d53063730d87068ab78a71e4c602,success,62,0,5,4,75,ransomware.gandcrab/encoder,2026-08-21T11:58:00Z,reports/hashes/e40c655bfa263f1aa4e4196951385b7d2b71d53063730d87068ab78a71e4c602.md,https://www.virustotal.com/gui/file/e40c655bfa263f1aa4e4196951385b7d2b71d53063730d87068ab78a71e4c602,SHA-256 Query,2026-09-26T14:16:17.765296Z
B,,e41195cd278a130b9afdc8158f8ea35e3dfd2a5ed64066fd614cd64e7c3598f8,success,59,0,12,4,75,,2023-09-14T15:48:05Z,reports/hashes/e41195cd278a130b9afdc8158f8ea35e3dfd2a5ed64066fd614cd64e7c3598f8.md,https://www.virustotal.com/gui/file/e41195cd278a130b9afdc8158f8ea35e3dfd2a5ed64066fd614cd64e7c3598f8,SHA-256 Query,2026-09-26T14:16:35.009352Z
B,,e416d06d0046016e24757ae7c29e25389ce3322b6e5e5e0a32c2a4859e6f838d,success,65,0,7,4,76,,2023-10-27T05:27:43Z,reports/hashes/e416d06d0046016e24757ae7c29e25389ce3322b6e5e5e0a32c2a4859e6f838d.md,https://www.virustotal.com/gui/file/e416d06d0046016e24757ae7c29e25389ce3322b6e5e5e0a32c2a4859e6f838d,SHA-256 Query,2026-09-26T14:16:51.009778Z
B,,e41e8cb5da8517d7b8c98505919d6acfbe1d1ad812fb7271b2340514c294e309,success,59,0,12,4,75,,2023-08-18T00:40:33Z,reports/hashes/e41e8cb5da8517d7b8c98505919d6acfbe1d1ad812fb7271b2340514c294e309.md,https://www.virustotal.com/gui/file/e41e8cb5da8517d7b8c98505919d6acfbe1d1ad812fb7271b2340514c294e309,SHA-256 Query,2026-09-26T14:17:07.012010Z
B,,e424e49baf12789a845857a3d6c47d412c8d0735cb59cabc0aa9260f710cd02c,success,63,0,8,4,75,,2023-07-14T04:43:32Z,reports/hashes/e424e49baf12789a845857a3d6c47d412c8d0735cb59cabc0aa9260f710cd02c.md,https://www.virustotal.com/gui/file/e424e49baf12789a845857a3d6c47d412c8d0735cb59cabc0aa9260f710cd02c,SHA-256 Query,2026-09-26T14:17:23.012604Z
B,,e42577a48d0a401db9b700c7004a80dc97452014c0a8feae552262ade9c7d47f,success,61,0,10,4,75,,2023-02-11T04:27:18Z,reports/hashes/e42577a48d0a401db9b700c7004a80dc97452014c0a8feae552262ade9c7d47f.md,https://www.virustotal.com/gui/file/e42577a48d0a401db9b700c7004a80dc97452014c0a8feae552262ade9c7d47f,SHA-256 Query,2026-09-26T14:17:39.013200Z
B,,e42a652c6f7dd192cbb04595652699a7fefb4368a3226069f116f3fb2a4d2c83,success,53,0,15,6,74,,2023-01-28T23:42:16Z,reports/hashes/e42a652c6f7dd192cbb04595652699a7fefb4368a3226069f116f3fb2a4d2c83.md,https://www.virustotal.com/gui/file/e42a652c6f7dd192cbb04595652699a7fefb4368a3226069f116f3fb2a4d2c83,SHA-256 Query,2026-09-26T14:17:55.017579Z
B,,e42cd1d28658ad3fee93e553f30f3001b4a9cdefd1162e395388255a28ab963c,success,56,0,14,4,74,,2023-01-31T00:29:01Z,reports/hashes/e42cd1d28658ad3fee93e553f30f3001b4a9cdefd1162e395388255a28ab963c.md,https://www.virustotal.com/gui/file/e42cd1d28658ad3fee93e553f30f3001b4a9cdefd1162e395388255a28ab963c,SHA-256 Query,2026-09-26T14:18:11.021691Z
B,,e4305ac61bfced2754a54744691ab5bc9a86859840c45fb9a1422c4ffa616aa8,success,50,0,21,4,77,adware.graftor/icloader,2024-09-16T02:09:40Z,reports/hashes/e4305ac61bfced2754a54744691ab5bc9a86859840c45fb9a1422c4ffa616aa8.md,https://www.virustotal.com/gui/file/e4305ac61bfced2754a54744691ab5bc9a86859840c45fb9a1422c4ffa616aa8,SHA-256 Query,2026-09-26T14:18:27.022675Z
B,,e4330235b83f01a345164c867ab0ccd1468ff2542df77860be6c52f56da9aa96,success,57,0,13,4,74,,2023-01-28T12:52:47Z,reports/hashes/e4330235b83f01a345164c867ab0ccd1468ff2542df77860be6c52f56da9aa96.md,https://www.virustotal.com/gui/file/e4330235b83f01a345164c867ab0ccd1468ff2542df77860be6c52f56da9aa96,SHA-256 Query,2026-09-26T14:18:43.025925Z
B,,e43ffe6f6fa5cc902a74670fb071554441945c590aaef52f8bbcc498bc29c1a5,success,66,0,6,4,76,,2023-10-25T15:02:11Z,reports/hashes/e43ffe6f6fa5cc902a74670fb071554441945c590aaef52f8bbcc498bc29c1a5.md,https://www.virustotal.com/gui/file/e43ffe6f6fa5cc902a74670fb071554441945c590aaef52f8bbcc498bc29c1a5,SHA-256 Query,2026-09-26T14:18:59.026617Z
B,,e440e04475792df9b9a809eb92561c9ea068e39810d3d061b82fda8655cab130,success,56,0,14,4,74,,2023-01-31T00:28:24Z,reports/hashes/e440e04475792df9b9a809eb92561c9ea068e39810d3d061b82fda8655cab130.md,https://www.virustotal.com/gui/file/e440e04475792df9b9a809eb92561c9ea068e39810d3d061b82fda8655cab130,SHA-256 Query,2026-09-26T14:19:15.029838Z
B,,e4423574991ab69218fc55df5fab01ab6e129ac46f513130803e8bf596de9017,success,63,0,8,4,75,,2023-07-21T04:28:12Z,reports/hashes/e4423574991ab69218fc55df5fab01ab6e129ac46f513130803e8bf596de9017.md,https://www.virustotal.com/gui/file/e4423574991ab69218fc55df5fab01ab6e129ac46f513130803e8bf596de9017,SHA-256 Query,2026-09-26T14:19:31.031158Z
B,,e445f6aa798f61cf22034d249da9005f42d5815276f38f4417e52659387266b8,success,70,0,4,4,78,,2023-12-29T16:18:02Z,reports/hashes/e445f6aa798f61cf22034d249da9005f42d5815276f38f4417e52659387266b8.md,https://www.virustotal.com/gui/file/e445f6aa798f61cf22034d249da9005f42d5815276f38f4417e52659387266b8,SHA-256 Query,2026-09-26T14:19:47.032419Z
B,,e4508d96bfa3ceab7b38417c675a45047aab92599efa287d11b036097b1e1d4d,success,58,0,11,4,74,,2023-01-30T06:39:17Z,reports/hashes/e4508d96bfa3ceab7b38417c675a45047aab92599efa287d11b036097b1e1d4d.md,https://www.virustotal.com/gui/file/e4508d96bfa3ceab7b38417c675a45047aab92599efa287d11b036097b1e1d4d,SHA-256 Query,2026-09-26T14:20:03.034194Z
B,,e45b735dc38c8b1f6320377f198a8480554343efd12eb93075a621a7bff95b68,success,58,0,12,4,74,,2023-02-27T14:55:55Z,reports/hashes/e45b735dc38c8b1f6320377f198a8480554343efd12eb93075a621a7bff95b68.md,https://www.virustotal.com/gui/file/e45b735dc38c8b1f6320377f198a8480554343efd12eb93075a621a7bff95b68,SHA-256 Query,2026-09-26T14:20:19.035046Z
B,,e45b7391d154895aeb21175bc9c7d30574ed4c26265d301bc540440cb3c67215,success,58,0,13,4,76,,2023-10-12T07:59:24Z,reports/hashes/e45b7391d154895aeb21175bc9c7d30574ed4c26265d301bc540440cb3c67215.md,https://www.virustotal.com/gui/file/e45b7391d154895aeb21175bc9c7d30574ed4c26265d301bc540440cb3c67215,SHA-256 Query,2026-09-26T14:20:35.036622Z
B,,e45c369e3ecadd00347d153c42ad83f77a64ebd386c640bd1e69837bb34b2f23,success,58,0,12,4,74,,2023-01-27T11:16:24Z,reports/hashes/e45c369e3ecadd00347d153c42ad83f77a64ebd386c640bd1e69837bb34b2f23.md,https://www.virustotal.com/gui/file/e45c369e3ecadd00347d153c42ad83f77a64ebd386c640bd1e69837bb34b2f23,SHA-256 Query,2026-09-26T14:20:51.036890Z
B,,e462c28f269ce01266764635edfcb72eae781ec6a1a07f8c80dae809eb452448,success,58,0,12,4,74,,2023-01-30T02:10:56Z,reports/hashes/e462c28f269ce01266764635edfcb72eae781ec6a1a07f8c80dae809eb452448.md,https://www.virustotal.com/gui/file/e462c28f269ce01266764635edfcb72eae781ec6a1a07f8c80dae809eb452448,SHA-256 Query,2026-09-26T14:21:07.038277Z
B,,e466a1e06b515eecd998e234032948ed579cd309df85cf91bd85819981c9da4f,success,62,0,10,4,76,,2023-10-22T05:43:47Z,reports/hashes/e466a1e06b515eecd998e234032948ed579cd309df85cf91bd85819981c9da4f.md,https://www.virustotal.com/gui/file/e466a1e06b515eecd998e234032948ed579cd309df85cf91bd85819981c9da4f,SHA-256 Query,2026-09-26T14:21:23.041233Z
B,,e46983ac91c95b6864ff4f1b2559a359c55f6775321f86eab7a24bd416a86e4e,success,43,0,24,6,74,,2023-02-02T15:58:01Z,reports/hashes/e46983ac91c95b6864ff4f1b2559a359c55f6775321f86eab7a24bd416a86e4e.md,https://www.virustotal.com/gui/file/e46983ac91c95b6864ff4f1b2559a359c55f6775321f86eab7a24bd416a86e4e,SHA-256 Query,2026-09-26T14:21:39.042091Z
B,,e4702e652799e221d2594b8ee452718dc0e96b3bfa1ca0a2e6bdc1e2c54ef785,success,58,0,12,4,74,,2023-01-28T20:59:09Z,reports/hashes/e4702e652799e221d2594b8ee452718dc0e96b3bfa1ca0a2e6bdc1e2c54ef785.md,https://www.virustotal.com/gui/file/e4702e652799e221d2594b8ee452718dc0e96b3bfa1ca0a2e6bdc1e2c54ef785,SHA-256 Query,2026-09-26T14:21:55.044622Z
B,,e47533cc3fdf72993db8270c7e0a91eacb24f47a020a10d43d151ef4bf196b33,success,62,0,8,4,75,,2023-07-25T18:24:47Z,reports/hashes/e47533cc3fdf72993db8270c7e0a91eacb24f47a020a10d43d151ef4bf196b33.md,https://www.virustotal.com/gui/file/e47533cc3fdf72993db8270c7e0a91eacb24f47a020a10d43d151ef4bf196b33,SHA-256 Query,2026-09-26T14:22:11.045263Z
B,,e4785d8451cb8a76dd3ece81002deb83dfd47d6b6a5ab25582e53a2dbd631d76,success,55,0,15,4,74,,2023-01-29T06:16:36Z,reports/hashes/e4785d8451cb8a76dd3ece81002deb83dfd47d6b6a5ab25582e53a2dbd631d76.md,https://www.virustotal.com/gui/file/e4785d8451cb8a76dd3ece81002deb83dfd47d6b6a5ab25582e53a2dbd631d76,SHA-256 Query,2026-09-26T14:22:27.046587Z
B,,e47d718272e856db090aa014657cd2ebec5ae0b3ea0fa202227153967dceb230,success,69,0,3,4,76,,2023-10-04T08:37:50Z,reports/hashes/e47d718272e856db090aa014657cd2ebec5ae0b3ea0fa202227153967dceb230.md,https://www.virustotal.com/gui/file/e47d718272e856db090aa014657cd2ebec5ae0b3ea0fa202227153967dceb230,SHA-256 Query,2026-09-26T14:22:43.048572Z
B,,e47f21b3814607af1340c1aef795e46fc6f4feef34e6a7a1d3ed8bcbeafb3d45,success,62,0,8,4,74,trojan.gandcrab/stealer,2024-02-27T15:37:21Z,reports/hashes/e47f21b3814607af1340c1aef795e46fc6f4feef34e6a7a1d3ed8bcbeafb3d45.md,https://www.virustotal.com/gui/file/e47f21b3814607af1340c1aef795e46fc6f4feef34e6a7a1d3ed8bcbeafb3d45,SHA-256 Query,2026-09-26T14:22:59.049357Z
B,,e4845624252ce71ab138d72d194af6279001b98c21bb630fe873cdee2c9b7d42,success,65,0,7,4,76,,2023-10-21T01:04:25Z,reports/hashes/e4845624252ce71ab138d72d194af6279001b98c21bb630fe873cdee2c9b7d42.md,https://www.virustotal.com/gui/file/e4845624252ce71ab138d72d194af6279001b98c21bb630fe873cdee2c9b7d42,SHA-256 Query,2026-09-26T14:23:15.051044Z
B,,e48dacdb5fe5b8797d7d7c50a97428b13523281036060ae60441a202e0bbeae8,success,58,0,12,4,74,,2023-01-30T01:58:10Z,reports/hashes/e48dacdb5fe5b8797d7d7c50a97428b13523281036060ae60441a202e0bbeae8.md,https://www.virustotal.com/gui/file/e48dacdb5fe5b8797d7d7c50a97428b13523281036060ae60441a202e0bbeae8,SHA-256 Query,2026-09-26T14:23:31.052162Z
B,,e490e580e5da663042d70490646bbefb712b90ffaa79385d4af240cb72ebd8db,success,66,0,5,4,76,,2023-10-04T08:52:25Z,reports/hashes/e490e580e5da663042d70490646bbefb712b90ffaa79385d4af240cb72ebd8db.md,https://www.virustotal.com/gui/file/e490e580e5da663042d70490646bbefb712b90ffaa79385d4af240cb72ebd8db,SHA-256 Query,2026-09-26T14:23:47.054241Z
B,,e4923e1cbee5ce9c01eba2ae306468d37684408308e593c5c1c5899a6333b3c0,success,8,0,63,4,75,,2023-08-03T05:02:21Z,reports/hashes/e4923e1cbee5ce9c01eba2ae306468d37684408308e593c5c1c5899a6333b3c0.md,https://www.virustotal.com/gui/file/e4923e1cbee5ce9c01eba2ae306468d37684408308e593c5c1c5899a6333b3c0,SHA-256 Query,2026-09-26T14:24:03.054858Z
B,,e49783211f1b97a0d7397595d4d091666a7ef8e4a9340f35b0a0ef4966c47423,success,59,0,13,4,76,,2023-10-19T19:33:40Z,reports/hashes/e49783211f1b97a0d7397595d4d091666a7ef8e4a9340f35b0a0ef4966c47423.md,https://www.virustotal.com/gui/file/e49783211f1b97a0d7397595d4d091666a7ef8e4a9340f35b0a0ef4966c47423,SHA-256 Query,2026-09-26T14:24:19.055274Z
B,,e49db24c3585cf781f85c6037dc840500dae842b427fdc840da235b308c855eb,success,35,0,37,5,77,virus.virlock/nabucur,2024-09-18T13:11:54Z,reports/hashes/e49db24c3585cf781f85c6037dc840500dae842b427fdc840da235b308c855eb.md,https://www.virustotal.com/gui/file/e49db24c3585cf781f85c6037dc840500dae842b427fdc840da235b308c855eb,SHA-256 Query,2026-09-26T14:24:35.057910Z
B,,e49f4942afa894a6907ed4cfb3333664fde60d1b756109d8e8b22cd4bb0f5fad,success,58,0,13,4,75,trojan.msil/vipkeylogger,2026-03-19T15:38:55Z,reports/hashes/e49f4942afa894a6907ed4cfb3333664fde60d1b756109d8e8b22cd4bb0f5fad.md,https://www.virustotal.com/gui/file/e49f4942afa894a6907ed4cfb3333664fde60d1b756109d8e8b22cd4bb0f5fad,SHA-256 Query,2026-09-26T14:24:51.058677Z
B,,e4a604757aed7a1b6e5db60eefd135cf32fae2bc75a664e206987af5b68c2a2f,success,63,0,6,4,74,,2023-07-15T07:09:19Z,reports/hashes/e4a604757aed7a1b6e5db60eefd135cf32fae2bc75a664e206987af5b68c2a2f.md,https://www.virustotal.com/gui/file/e4a604757aed7a1b6e5db60eefd135cf32fae2bc75a664e206987af5b68c2a2f,SHA-256 Query,2026-09-26T14:25:07.060294Z
B,,e4a712f0cfd209883ad77db03ad041e225825b4c7d31fe0f2c8c9c13db7cbf48,success,66,0,6,4,76,,2023-11-20T02:32:42Z,reports/hashes/e4a712f0cfd209883ad77db03ad041e225825b4c7d31fe0f2c8c9c13db7cbf48.md,https://www.virustotal.com/gui/file/e4a712f0cfd209883ad77db03ad041e225825b4c7d31fe0f2c8c9c13db7cbf48,SHA-256 Query,2026-09-26T14:25:23.061095Z
B,,e4b3ad2f87bbad8caf955f715b76bfbcb53bf4e2071df5497febe485c88b1fdd,success,26,0,46,4,76,trojan.shandagames/hmhkt,2025-12-03T05:36:24Z,reports/hashes/e4b3ad2f87bbad8caf955f715b76bfbcb53bf4e2071df5497febe485c88b1fdd.md,https://www.virustotal.com/gui/file/e4b3ad2f87bbad8caf955f715b76bfbcb53bf4e2071df5497febe485c88b1fdd,SHA-256 Query,2026-09-26T14:25:39.064528Z
B,,e4b41e8bf11adb16286957b0e51d57498c3fff75486515d7a0157cef09db4d5e,success,67,0,6,4,77,trojan.salgorea/upatre,2024-10-10T06:08:17Z,reports/hashes/e4b41e8bf11adb16286957b0e51d57498c3fff75486515d7a0157cef09db4d5e.md,https://www.virustotal.com/gui/file/e4b41e8bf11adb16286957b0e51d57498c3fff75486515d7a0157cef09db4d5e,SHA-256 Query,2026-09-26T14:25:55.065394Z
B,,e4baac77d3405910929b3ea82fc50cefe029e25534702ef338bde166277cc9c9,success,65,0,7,4,76,,2023-10-04T08:39:18Z,reports/hashes/e4baac77d3405910929b3ea82fc50cefe029e25534702ef338bde166277cc9c9.md,https://www.virustotal.com/gui/file/e4baac77d3405910929b3ea82fc50cefe029e25534702ef338bde166277cc9c9,SHA-256 Query,2026-09-26T14:26:11.067066Z
B,,e4bb4f19183aeda05e498fe766318f28ba67cc72bca64f097e38ac371826c589,success,62,0,9,4,75,,2023-09-18T07:44:26Z,reports/hashes/e4bb4f19183aeda05e498fe766318f28ba67cc72bca64f097e38ac371826c589.md,https://www.virustotal.com/gui/file/e4bb4f19183aeda05e498fe766318f28ba67cc72bca64f097e38ac371826c589,SHA-256 Query,2026-09-26T14:26:27.067769Z
B,,e4bb96b7aaf4f02c8d33648012e75c9ff677af29407c26ed460dee4ec727efdf,success,68,0,2,4,75,trojan.upatre/jqby,2026-08-19T20:04:19Z,reports/hashes/e4bb96b7aaf4f02c8d33648012e75c9ff677af29407c26ed460dee4ec727efdf.md,https://www.virustotal.com/gui/file/e4bb96b7aaf4f02c8d33648012e75c9ff677af29407c26ed460dee4ec727efdf,SHA-256 Query,2026-09-26T14:26:43.069535Z
B,,e4c13ceba82958e14af7e4764298c57a8dc0b27e31ea9cdf7a899f91434b225c,success,63,0,8,4,76,,2023-10-04T08:48:20Z,reports/hashes/e4c13ceba82958e14af7e4764298c57a8dc0b27e31ea9cdf7a899f91434b225c.md,https://www.virustotal.com/gui/file/e4c13ceba82958e14af7e4764298c57a8dc0b27e31ea9cdf7a899f91434b225c,SHA-256 Query,2026-09-26T14:26:59.071291Z
B,,e4c2ef3ff0d1692b6fd3922fbb274d8e30b01467566dde105e929c1a72f64480,success,58,0,13,4,75,,2023-09-23T17:09:59Z,reports/hashes/e4c2ef3ff0d1692b6fd3922fbb274d8e30b01467566dde105e929c1a72f64480.md,https://www.virustotal.com/gui/file/e4c2ef3ff0d1692b6fd3922fbb274d8e30b01467566dde105e929c1a72f64480,SHA-256 Query,2026-09-26T14:27:15.073541Z
B,,e4cebb4bab1271ea92aecf7dde84a4f87832de77b950a7d26bfb582ac21a25aa,success,49,0,21,5,76,,2023-10-04T08:38:34Z,reports/hashes/e4cebb4bab1271ea92aecf7dde84a4f87832de77b950a7d26bfb582ac21a25aa.md,https://www.virustotal.com/gui/file/e4cebb4bab1271ea92aecf7dde84a4f87832de77b950a7d26bfb582ac21a25aa,SHA-256 Query,2026-09-26T14:27:31.074670Z
B,,e4d1e3e578225f8095fea9fddeeb9b4fb2b19efe1a151bb778f2d8954172b375,success,58,0,12,4,74,,2023-01-29T12:28:29Z,reports/hashes/e4d1e3e578225f8095fea9fddeeb9b4fb2b19efe1a151bb778f2d8954172b375.md,https://www.virustotal.com/gui/file/e4d1e3e578225f8095fea9fddeeb9b4fb2b19efe1a151bb778f2d8954172b375,SHA-256 Query,2026-09-26T14:27:47.074959Z
B,,e4d3aed104a31a3a62a0d8fb7e943d557e8f009baa2269b8d0e080fba2fa49c5,success,33,0,35,6,74,,2023-02-04T17:20:28Z,reports/hashes/e4d3aed104a31a3a62a0d8fb7e943d557e8f009baa2269b8d0e080fba2fa49c5.md,https://www.virustotal.com/gui/file/e4d3aed104a31a3a62a0d8fb7e943d557e8f009baa2269b8d0e080fba2fa49c5,SHA-256 Query,2026-09-26T14:28:03.077644Z
B,,e4d813ebcc068a9df56a21a77aeddd823fd1c6ffd900ed5db8562767859ced42,success,69,0,3,4,77,,2023-10-12T07:39:58Z,reports/hashes/e4d813ebcc068a9df56a21a77aeddd823fd1c6ffd900ed5db8562767859ced42.md,https://www.virustotal.com/gui/file/e4d813ebcc068a9df56a21a77aeddd823fd1c6ffd900ed5db8562767859ced42,SHA-256 Query,2026-09-26T14:28:19.078630Z
B,,e4e1182a03319b015d9810c28d68a24750386a5c2cf946ecdc315d164e9ab30e,success,65,0,5,4,75,ransomware.gandcrab/encoder,2026-08-21T15:20:10Z,reports/hashes/e4e1182a03319b015d9810c28d68a24750386a5c2cf946ecdc315d164e9ab30e.md,https://www.virustotal.com/gui/file/e4e1182a03319b015d9810c28d68a24750386a5c2cf946ecdc315d164e9ab30e,SHA-256 Query,2026-09-26T14:28:35.078823Z
B,,e4e21225e9192cd5aeb26a044717a348326f527c31fefa783bbfe1c6c7b44504,success,61,0,10,4,75,,2023-08-09T17:45:17Z,reports/hashes/e4e21225e9192cd5aeb26a044717a348326f527c31fefa783bbfe1c6c7b44504.md,https://www.virustotal.com/gui/file/e4e21225e9192cd5aeb26a044717a348326f527c31fefa783bbfe1c6c7b44504,SHA-256 Query,2026-09-26T14:28:51.079901Z
B,,e4ea11c6c415b6c58ab0e7a27e8df1f422abfb02754f08c2a173b85cfd36e873,success,65,0,7,4,76,,2023-10-12T08:08:40Z,reports/hashes/e4ea11c6c415b6c58ab0e7a27e8df1f422abfb02754f08c2a173b85cfd36e873.md,https://www.virustotal.com/gui/file/e4ea11c6c415b6c58ab0e7a27e8df1f422abfb02754f08c2a173b85cfd36e873,SHA-256 Query,2026-09-26T14:29:07.081943Z
B,,e4ea7438a0afe76f9b4dd720a736979f163be28cd2d6b2511273b99b3224ee80,success,55,0,15,4,74,,2023-01-26T17:30:59Z,reports/hashes/e4ea7438a0afe76f9b4dd720a736979f163be28cd2d6b2511273b99b3224ee80.md,https://www.virustotal.com/gui/file/e4ea7438a0afe76f9b4dd720a736979f163be28cd2d6b2511273b99b3224ee80,SHA-256 Query,2026-09-26T14:29:23.082403Z
B,,e4eedd4dcd5cb2e686bb218f909537f0e618357070d687bade20864d03646b4a,success,57,0,17,4,78,,2023-12-23T03:47:45Z,reports/hashes/e4eedd4dcd5cb2e686bb218f909537f0e618357070d687bade20864d03646b4a.md,https://www.virustotal.com/gui/file/e4eedd4dcd5cb2e686bb218f909537f0e618357070d687bade20864d03646b4a,SHA-256 Query,2026-09-26T14:29:39.086071Z
B,,e4f18e9a1e0f94c49dd4e4b1c1db76d1e225c024f727f8dbb72f33f45c399a3b,success,64,0,7,4,75,,2023-08-08T06:51:56Z,reports/hashes/e4f18e9a1e0f94c49dd4e4b1c1db76d1e225c024f727f8dbb72f33f45c399a3b.md,https://www.virustotal.com/gui/file/e4f18e9a1e0f94c49dd4e4b1c1db76d1e225c024f727f8dbb72f33f45c399a3b,SHA-256 Query,2026-09-26T14:29:55.086346Z
B,,e4f34d42eacf54e0d5541026a77d4ab28210741eb1a32089df099c550c995014,success,65,0,7,4,76,,2023-11-07T01:18:51Z,reports/hashes/e4f34d42eacf54e0d5541026a77d4ab28210741eb1a32089df099c550c995014.md,https://www.virustotal.com/gui/file/e4f34d42eacf54e0d5541026a77d4ab28210741eb1a32089df099c550c995014,SHA-256 Query,2026-09-26T14:30:11.089396Z
B,,e4f665bed3b5df1f87aa3cb30989c69f252fb889a3e26884e5e9858d3d9cb656,success,59,0,13,4,77,trojan.loki/lockbit,2024-02-23T14:54:52Z,reports/hashes/e4f665bed3b5df1f87aa3cb30989c69f252fb889a3e26884e5e9858d3d9cb656.md,https://www.virustotal.com/gui/file/e4f665bed3b5df1f87aa3cb30989c69f252fb889a3e26884e5e9858d3d9cb656,SHA-256 Query,2026-09-26T14:30:27.090060Z
B,,e4f794d00be1db4204ffe30d7fdbb396bd471674211f4a180b0c3da55803ee14,success,66,0,5,4,75,,2023-06-24T22:00:42Z,reports/hashes/e4f794d00be1db4204ffe30d7fdbb396bd471674211f4a180b0c3da55803ee14.md,https://www.virustotal.com/gui/file/e4f794d00be1db4204ffe30d7fdbb396bd471674211f4a180b0c3da55803ee14,SHA-256 Query,2026-09-26T14:30:43.091755Z
B,,e4ff5670b60afe18e72440f73370fa5c9fbeff946fbb057add04c5d67bacfb95,success,64,0,7,4,75,,2023-10-04T08:38:50Z,reports/hashes/e4ff5670b60afe18e72440f73370fa5c9fbeff946fbb057add04c5d67bacfb95.md,https://www.virustotal.com/gui/file/e4ff5670b60afe18e72440f73370fa5c9fbeff946fbb057add04c5d67bacfb95,SHA-256 Query,2026-09-26T14:30:59.095029Z
B,,e4ffbbb834f4f036b38264c11fe40025b803e4c2d4f8d25367f923273a2fbcab,success,57,0,13,4,74,,2023-01-30T00:27:41Z,reports/hashes/e4ffbbb834f4f036b38264c11fe40025b803e4c2d4f8d25367f923273a2fbcab.md,https://www.virustotal.com/gui/file/e4ffbbb834f4f036b38264c11fe40025b803e4c2d4f8d25367f923273a2fbcab,SHA-256 Query,2026-09-26T14:31:15.095772Z
B,,e509d1b2042678d9c83115073d877691c2a6e2da75dce0b5544289824d6f79ef,success,66,0,5,4,75,,2023-09-21T01:58:49Z,reports/hashes/e509d1b2042678d9c83115073d877691c2a6e2da75dce0b5544289824d6f79ef.md,https://www.virustotal.com/gui/file/e509d1b2042678d9c83115073d877691c2a6e2da75dce0b5544289824d6f79ef,SHA-256 Query,2026-09-26T14:31:31.096033Z
B,,e50a303e5bbfe8e8b99803969b5a501c58d04b777b86ef4eb04fca0713fb99c5,success,61,0,6,4,75,,2023-08-19T12:37:37Z,reports/hashes/e50a303e5bbfe8e8b99803969b5a501c58d04b777b86ef4eb04fca0713fb99c5.md,https://www.virustotal.com/gui/file/e50a303e5bbfe8e8b99803969b5a501c58d04b777b86ef4eb04fca0713fb99c5,SHA-256 Query,2026-09-26T14:31:47.098672Z
B,,e51117021d1f8500f261924fcf99ded8ab54439ebad707f53ad3b576d9a3aa58,success,57,0,15,4,76,trojan.poison/strictor,2025-01-30T14:57:13Z,reports/hashes/e51117021d1f8500f261924fcf99ded8ab54439ebad707f53ad3b576d9a3aa58.md,https://www.virustotal.com/gui/file/e51117021d1f8500f261924fcf99ded8ab54439ebad707f53ad3b576d9a3aa58,SHA-256 Query,2026-09-26T14:32:03.100734Z
B,,e5147ae13310b2b93da17d2800a21956788671c907f7dd19a3918c0b9fcc051b,success,62,0,10,4,76,trojan.gandcrab/convagent,2024-02-26T09:47:04Z,reports/hashes/e5147ae13310b2b93da17d2800a21956788671c907f7dd19a3918c0b9fcc051b.md,https://www.virustotal.com/gui/file/e5147ae13310b2b93da17d2800a21956788671c907f7dd19a3918c0b9fcc051b,SHA-256 Query,2026-09-26T14:32:19.103445Z
B,,e5184bbfdfd80fad44a968a226bcb5c359b9d110e45131c158a5a73c7543d8bc,success,57,0,12,4,74,,2023-01-29T06:23:32Z,reports/hashes/e5184bbfdfd80fad44a968a226bcb5c359b9d110e45131c158a5a73c7543d8bc.md,https://www.virustotal.com/gui/file/e5184bbfdfd80fad44a968a226bcb5c359b9d110e45131c158a5a73c7543d8bc,SHA-256 Query,2026-09-26T14:32:35.104073Z
B,,e518eb417567cdd4e848152e80faa8c83f1e07e1dd9dc924d61138d7bd6eb73c,success,44,0,28,4,76,trojan.netwiredrc/afvj,2025-01-30T14:48:21Z,reports/hashes/e518eb417567cdd4e848152e80faa8c83f1e07e1dd9dc924d61138d7bd6eb73c.md,https://www.virustotal.com/gui/file/e518eb417567cdd4e848152e80faa8c83f1e07e1dd9dc924d61138d7bd6eb73c,SHA-256 Query,2026-09-26T14:32:51.104498Z
B,,e51d0da11e4b67cf2b7d2a8d12c325b18b4650ca4f6852b88260942879e84f6d,success,56,0,14,4,74,,2023-01-29T06:23:09Z,reports/hashes/e51d0da11e4b67cf2b7d2a8d12c325b18b4650ca4f6852b88260942879e84f6d.md,https://www.virustotal.com/gui/file/e51d0da11e4b67cf2b7d2a8d12c325b18b4650ca4f6852b88260942879e84f6d,SHA-256 Query,2026-09-26T14:33:07.107870Z
B,,e5225dc2fb5d9995b906af22229162365a7f467bcbd8f1a830eabfa2c4559877,success,64,0,6,4,74,,2023-04-04T03:56:15Z,reports/hashes/e5225dc2fb5d9995b906af22229162365a7f467bcbd8f1a830eabfa2c4559877.md,https://www.virustotal.com/gui/file/e5225dc2fb5d9995b906af22229162365a7f467bcbd8f1a830eabfa2c4559877,SHA-256 Query,2026-09-26T14:33:23.113980Z
B,,e523f4eb7df733712df033371145ddd6b882b1528ec896cf278061cde3eb0b8a,success,63,0,8,4,75,,2023-07-16T08:18:10Z,reports/hashes/e523f4eb7df733712df033371145ddd6b882b1528ec896cf278061cde3eb0b8a.md,https://www.virustotal.com/gui/file/e523f4eb7df733712df033371145ddd6b882b1528ec896cf278061cde3eb0b8a,SHA-256 Query,2026-09-26T14:33:39.116027Z
B,,e528754223a764496db12dc7941b8feb61612ae5ff8db93eff6e30f01c385514,success,38,0,31,6,75,,2023-02-12T16:09:09Z,reports/hashes/e528754223a764496db12dc7941b8feb61612ae5ff8db93eff6e30f01c385514.md,https://www.virustotal.com/gui/file/e528754223a764496db12dc7941b8feb61612ae5ff8db93eff6e30f01c385514,SHA-256 Query,2026-09-26T14:33:55.118144Z
B,,e52c00f879103b4aa763e524210b11e0a55d8f8a5825f16d11d27ccf9b51cb76,success,55,0,15,4,74,,2023-01-30T02:18:07Z,reports/hashes/e52c00f879103b4aa763e524210b11e0a55d8f8a5825f16d11d27ccf9b51cb76.md,https://www.virustotal.com/gui/file/e52c00f879103b4aa763e524210b11e0a55d8f8a5825f16d11d27ccf9b51cb76,SHA-256 Query,2026-09-26T14:34:11.119380Z
B,,e534d3a9caf21562e020501e5b7e3415d8fc255dc64060cd534bbb9fd809ddf6,success,0,0,72,4,76,,2025-10-01T01:47:01Z,reports/hashes/e534d3a9caf21562e020501e5b7e3415d8fc255dc64060cd534bbb9fd809ddf6.md,https://www.virustotal.com/gui/file/e534d3a9caf21562e020501e5b7e3415d8fc255dc64060cd534bbb9fd809ddf6,SHA-256 Query,2026-09-26T14:34:27.121632Z
B,,e537c39199aabf1653908e8a7063c9e014eb8713cf3942b0484a5b9ac9687dea,success,51,0,20,4,75,,2023-09-13T16:06:08Z,reports/hashes/e537c39199aabf1653908e8a7063c9e014eb8713cf3942b0484a5b9ac9687dea.md,https://www.virustotal.com/gui/file/e537c39199aabf1653908e8a7063c9e014eb8713cf3942b0484a5b9ac9687dea,SHA-256 Query,2026-09-26T14:34:43.122761Z
B,,e53c881e05ded83429bce5f9a6712720dbffb5a4367f3bae7493a6379a6cef34,success,65,0,6,4,76,,2023-10-30T15:48:21Z,reports/hashes/e53c881e05ded83429bce5f9a6712720dbffb5a4367f3bae7493a6379a6cef34.md,https://www.virustotal.com/gui/file/e53c881e05ded83429bce5f9a6712720dbffb5a4367f3bae7493a6379a6cef34,SHA-256 Query,2026-09-26T14:34:59.127208Z
B,,e53d377a006d44df469361fb4d40e5dfd443bb212f10aa6a25436cffb1d6df5b,success,62,0,6,4,73,,2024-01-05T20:43:14Z,reports/hashes/e53d377a006d44df469361fb4d40e5dfd443bb212f10aa6a25436cffb1d6df5b.md,https://www.virustotal.com/gui/file/e53d377a006d44df469361fb4d40e5dfd443bb212f10aa6a25436cffb1d6df5b,SHA-256 Query,2026-09-26T14:35:15.130780Z
B,,e543374c5a2c010dc7c79c7c8d8e12418da9599954e49710a628fafbc9c94886,success,56,0,14,4,74,,2023-01-31T02:10:41Z,reports/hashes/e543374c5a2c010dc7c79c7c8d8e12418da9599954e49710a628fafbc9c94886.md,https://www.virustotal.com/gui/file/e543374c5a2c010dc7c79c7c8d8e12418da9599954e49710a628fafbc9c94886,SHA-256 Query,2026-09-26T14:35:31.132676Z
B,,e54702939efea7b50a991d3ab12c9ba3164c56335e8d52c4f6813dcf1c79bea2,success,62,0,9,4,76,,2023-10-04T08:48:19Z,reports/hashes/e54702939efea7b50a991d3ab12c9ba3164c56335e8d52c4f6813dcf1c79bea2.md,https://www.virustotal.com/gui/file/e54702939efea7b50a991d3ab12c9ba3164c56335e8d52c4f6813dcf1c79bea2,SHA-256 Query,2026-09-26T14:35:47.134315Z
B,,e548cdeca6417170eacacc179fb0159b06bc25aa3df8a65efca68b64f4eb9b5e,success,18,0,34,0,52,,2014-07-21T00:13:17Z,reports/hashes/e548cdeca6417170eacacc179fb0159b06bc25aa3df8a65efca68b64f4eb9b5e.md,https://www.virustotal.com/gui/file/e548cdeca6417170eacacc179fb0159b06bc25aa3df8a65efca68b64f4eb9b5e,SHA-256 Query,2026-09-26T14:36:03.135304Z
B,,e54a5bb8820fe60784d5a37bb754b78f27f5ac49ce5caf3d4e335eae52ebe970,success,63,0,5,4,73,,2024-01-06T11:03:56Z,reports/hashes/e54a5bb8820fe60784d5a37bb754b78f27f5ac49ce5caf3d4e335eae52ebe970.md,https://www.virustotal.com/gui/file/e54a5bb8820fe60784d5a37bb754b78f27f5ac49ce5caf3d4e335eae52ebe970,SHA-256 Query,2026-09-26T14:36:19.138615Z
B,,e54ef2256927fd2355083b933e40cafd24d8a10f17ff9bdfc0d22d967dd1409a,success,57,0,13,4,75,,2023-10-04T08:38:46Z,reports/hashes/e54ef2256927fd2355083b933e40cafd24d8a10f17ff9bdfc0d22d967dd1409a.md,https://www.virustotal.com/gui/file/e54ef2256927fd2355083b933e40cafd24d8a10f17ff9bdfc0d22d967dd1409a,SHA-256 Query,2026-09-26T14:36:35.140948Z
B,,e550a9ab4eafcde95a909083903e6e34914a323b930f4cc84d3eb245115b93cd,success,54,0,17,3,75,,2023-01-02T08:23:32Z,reports/hashes/e550a9ab4eafcde95a909083903e6e34914a323b930f4cc84d3eb245115b93cd.md,https://www.virustotal.com/gui/file/e550a9ab4eafcde95a909083903e6e34914a323b930f4cc84d3eb245115b93cd,SHA-256 Query,2026-09-26T14:36:51.141136Z
B,,e550c54103590a2d9ce2fa2eeddb92fd7b139f2b9936597c0b25d4b96329aa1f,success,52,0,19,4,75,adware.vrbrothers/killproc,2025-02-03T11:59:11Z,reports/hashes/e550c54103590a2d9ce2fa2eeddb92fd7b139f2b9936597c0b25d4b96329aa1f.md,https://www.virustotal.com/gui/file/e550c54103590a2d9ce2fa2eeddb92fd7b139f2b9936597c0b25d4b96329aa1f,SHA-256 Query,2026-09-26T14:37:07.143329Z
B,,e55469da288747053946cd2cb90e1a11d8fffa4226d431679a9c14c0ed5d0cd6,success,65,0,7,4,76,,2023-11-13T07:36:01Z,reports/hashes/e55469da288747053946cd2cb90e1a11d8fffa4226d431679a9c14c0ed5d0cd6.md,https://www.virustotal.com/gui/file/e55469da288747053946cd2cb90e1a11d8fffa4226d431679a9c14c0ed5d0cd6,SHA-256 Query,2026-09-26T14:37:23.145588Z
B,,e558f02f241cbcafa38f1bcda3cdc27f5dd83f97c0f745a66821e930343ec961,success,63,0,9,4,76,,2023-09-27T00:45:56Z,reports/hashes/e558f02f241cbcafa38f1bcda3cdc27f5dd83f97c0f745a66821e930343ec961.md,https://www.virustotal.com/gui/file/e558f02f241cbcafa38f1bcda3cdc27f5dd83f97c0f745a66821e930343ec961,SHA-256 Query,2026-09-26T14:37:39.145946Z
B,,e55a5b8ceae2c4dfeed307eec6832654a94dce2461611c91e4664dec437e7402,success,65,0,7,4,76,,2023-10-04T08:35:09Z,reports/hashes/e55a5b8ceae2c4dfeed307eec6832654a94dce2461611c91e4664dec437e7402.md,https://www.virustotal.com/gui/file/e55a5b8ceae2c4dfeed307eec6832654a94dce2461611c91e4664dec437e7402,SHA-256 Query,2026-09-26T14:37:55.148835Z
B,,e55be5d308bc3b3870a5a9a88fb34b778704aa4b751d4b4e02289e5bcaf997e2,success,65,0,7,4,76,,2023-10-04T08:39:15Z,reports/hashes/e55be5d308bc3b3870a5a9a88fb34b778704aa4b751d4b4e02289e5bcaf997e2.md,https://www.virustotal.com/gui/file/e55be5d308bc3b3870a5a9a88fb34b778704aa4b751d4b4e02289e5bcaf997e2,SHA-256 Query,2026-09-26T14:38:11.149666Z
B,,e55bec2702a2fc841f48570e3db35f12a8cd1c1f1b80b6ddf3c4a748ec3c72b3,success,66,0,8,4,78,,2023-12-05T17:25:35Z,reports/hashes/e55bec2702a2fc841f48570e3db35f12a8cd1c1f1b80b6ddf3c4a748ec3c72b3.md,https://www.virustotal.com/gui/file/e55bec2702a2fc841f48570e3db35f12a8cd1c1f1b80b6ddf3c4a748ec3c72b3,SHA-256 Query,2026-09-26T14:38:27.151203Z
B,,e55e518301b7f3c59181651ffbd936bee56da81e94f08f642c7b2983746287d9,success,54,0,16,5,75,trojan.installbrain/bundler,2025-02-12T13:16:39Z,reports/hashes/e55e518301b7f3c59181651ffbd936bee56da81e94f08f642c7b2983746287d9.md,https://www.virustotal.com/gui/file/e55e518301b7f3c59181651ffbd936bee56da81e94f08f642c7b2983746287d9,SHA-256 Query,2026-09-26T14:38:43.151546Z
B,,e55f76b15997c4675de76143e8f267938c59a44942614d2d1528d6a0d082b2b9,success,57,0,12,5,74,,2023-01-30T02:19:04Z,reports/hashes/e55f76b15997c4675de76143e8f267938c59a44942614d2d1528d6a0d082b2b9.md,https://www.virustotal.com/gui/file/e55f76b15997c4675de76143e8f267938c59a44942614d2d1528d6a0d082b2b9,SHA-256 Query,2026-09-26T14:38:59.153858Z
B,,e562c837a3396a8ef85376946b9e0126808b708d19638e17117eb561aceafd2d,success,50,0,18,6,74,,2023-01-31T21:26:54Z,reports/hashes/e562c837a3396a8ef85376946b9e0126808b708d19638e17117eb561aceafd2d.md,https://www.virustotal.com/gui/file/e562c837a3396a8ef85376946b9e0126808b708d19638e17117eb561aceafd2d,SHA-256 Query,2026-09-26T14:39:15.154590Z
B,,e569af1abbe8a0589f8ba4ee0926afcb994e00e68957fce469113d4c615763c1,success,66,0,6,4,76,,2023-11-22T09:37:09Z,reports/hashes/e569af1abbe8a0589f8ba4ee0926afcb994e00e68957fce469113d4c615763c1.md,https://www.virustotal.com/gui/file/e569af1abbe8a0589f8ba4ee0926afcb994e00e68957fce469113d4c615763c1,SHA-256 Query,2026-09-26T14:39:31.156591Z
B,,e56be34f4c5c54908d52346877b7d8138dd8ef0143a62db4f365ce9bed11ec1a,success,36,0,33,6,75,,2023-01-22T02:52:24Z,reports/hashes/e56be34f4c5c54908d52346877b7d8138dd8ef0143a62db4f365ce9bed11ec1a.md,https://www.virustotal.com/gui/file/e56be34f4c5c54908d52346877b7d8138dd8ef0143a62db4f365ce9bed11ec1a,SHA-256 Query,2026-09-26T14:39:47.158061Z
B,,e575ceae966de5b022143ac7047f8e6c197a73c689aeedba5f4eda2ce30bf9d6,success,67,0,5,4,76,,2023-12-30T03:17:06Z,reports/hashes/e575ceae966de5b022143ac7047f8e6c197a73c689aeedba5f4eda2ce30bf9d6.md,https://www.virustotal.com/gui/file/e575ceae966de5b022143ac7047f8e6c197a73c689aeedba5f4eda2ce30bf9d6,SHA-256 Query,2026-09-26T14:40:03.159087Z
B,,e57c789f482888d71edd01e769e44b889f52ee57fa67ebf9c769fbaa6f7fbf11,success,67,0,4,4,75,,2023-10-04T08:38:02Z,reports/hashes/e57c789f482888d71edd01e769e44b889f52ee57fa67ebf9c769fbaa6f7fbf11.md,https://www.virustotal.com/gui/file/e57c789f482888d71edd01e769e44b889f52ee57fa67ebf9c769fbaa6f7fbf11,SHA-256 Query,2026-09-26T14:40:19.164123Z
B,,e57f07cc803b44c0964004133073edf1dd50c9eb7100c8e343054243e55da284,success,59,0,11,4,74,,2023-09-24T15:54:52Z,reports/hashes/e57f07cc803b44c0964004133073edf1dd50c9eb7100c8e343054243e55da284.md,https://www.virustotal.com/gui/file/e57f07cc803b44c0964004133073edf1dd50c9eb7100c8e343054243e55da284,SHA-256 Query,2026-09-26T14:40:35.167364Z
B,,e58473132f406d2aaad877b6f7504dcd8a0bad42a7cc97019741a58fb4332f2e,success,57,0,13,4,74,,2023-01-31T07:57:00Z,reports/hashes/e58473132f406d2aaad877b6f7504dcd8a0bad42a7cc97019741a58fb4332f2e.md,https://www.virustotal.com/gui/file/e58473132f406d2aaad877b6f7504dcd8a0bad42a7cc97019741a58fb4332f2e,SHA-256 Query,2026-09-26T14:40:51.169999Z
